"brand","sku_count","reference_count"
"MAHLE","473","749"
"WIX","461","1073"
"HENGST","410","623"
"MAGNETI-MARELLI","395","917"
"KNECHT","377","973"
"FILTRON","335","391"
"FRAM","333","992"
"HIFI-FILTER","327","350"
"UFI","311","605"
"PURFLUX","310","594"
"MECAFILTER","281","570"
"ALCO","267","461"
"BOSCH","261","1736"
"SOFIMA","261","310"
"TECNOCAR","260","329"
"CLEAN","254","340"
"WILMINK-GROUP","247","720"
"FLEETGUARD","243","922"
"QUINTON-HAZELL","242","315"
"COMLINE","232","260"
"BALDWIN","224","932"
"VALEO","224","332"
"DONALDSON","217","742"
"LUBERFINER","208","949"
"MULLER","198","225"
"MISFAT","194","261"
"CARQUEST","191","819"
"KOLBENSCHMIDT","182","513"
"M-FILTER","176","258"
"CROSLAND","169","623"
"KAGER","169","203"
"PUROLATOR","166","1018"
"HASTINGS","161","623"
"COOPERS","160","418"
"SCT","160","176"
"AC-DELCO","158","1064"
"MEAT-DORIA","158","245"
"SAKURA","158","188"
"HOFFER","156","328"
"MGA","155","166"
"DELPHI","154","236"
"PBR","152","525"
"OPEN-PARTS","152","172"
"CHAMPION","150","420"
"COOPERS-FIAAM","149","426"
"FIL-FILTER","141","272"
"UNICO","138","150"
"GUD","135","399"
"TEHO","133","275"
"ASAS","128","145"
"GENERAL-MOTORS","124","823"
"FIRST-AUTOMOTIVE","122","135"
"ARMAFILT","119","247"
"ELOFIC","118","152"
"MOTORCRAFT","115","576"
"FRAD","114","244"
"SOTRAS","114","131"
"FORD","111","1424"
"UNICO-FILTER","111","119"
"LUCAS","108","231"
"KRALINATOR","108","179"
"SOGEFI","108","124"
"COOPERSFIAAM","108","120"
"BIG-A","107","391"
"DEUTZ","106","421"
"NAPA","106","353"
"TJ-FILTERS","106","225"
"PZL-SEDZISZOW","106","112"
"UNIFLUX-FILTERS","102","111"
"DEUTZ-FAHR","101","264"
"DENCKERMANN","101","118"
"FILMAR","101","113"
"WYTWORNIA-FILTROW","101","108"
"FLEETRITE","99","333"
"MEYLE","99","105"
"DIGOMA","98","144"
"DELUXE","97","296"
"GIF-FILTER","96","164"
"CHAMP-LAB","94","374"
"LAUTRETTE","94","241"
"MASSEY-FERGUSON","94","207"
"GOODWILL","94","194"
"CO-OP","93","272"
"DONIT","93","107"
"DIGOEMA-FILTER","92","121"
"CLAAS","91","352"
"GONHER","90","331"
"MOTAQUIP","90","113"
"MOPAR","88","371"
"BECK-ARNLEY","87","444"
"FIAAM","87","209"
"MIGHTY","87","166"
"PHILLIPS-66","87","138"
"ALLIS-CHALMERS","85","259"
"LUCAS-GIRLING","84","682"
"JIFFY-LUBE","84","453"
"MANITOU","84","221"
"DEUTSCH","82","192"
"CENEX","82","177"
"STEYR","81","391"
"FEBI-BILSTEIN","81","138"
"FIL","81","86"
"KUBOTA","80","355"
"WARNER","80","297"
"VERA","79","499"
"MOBIL","79","258"
"VALVOLINE","79","243"
"STP","79","122"
"FIBA","79","84"
"IAPCO","78","731"
"ITM","78","727"
"INTERNATIONAL-PARTS-SERVICES","78","388"
"NISSAN","78","335"
"VOLVO-CARS","78","275"
"SHELL","78","230"
"GRAND-PRIX","78","224"
"MPA","78","205"
"QUAKER-STATE","78","204"
"CHAMP","78","143"
"GROUP-7","78","121"
"MONARK","78","83"
"PARTS-PLUS","77","121"
"TECFIL","77","97"
"SECURITY","77","83"
"MONARK-DIESEL","77","82"
"OE","76","262"
"JAPANPARTS","75","275"
"PERFORMAX","75","80"
"UNIFLUX","74","86"
"CATERPILLAR","73","259"
"MICRO","72","125"
"ATLAS","72","103"
"VAICO","70","157"
"BLUE-PRINT","69","126"
"AUTOEDGE","69","82"
"BORG-BECK","69","74"
"FOMOCO","68","345"
"FIAT","68","246"
"LYNXAUTO","68","75"
"CHRYSLER","67","480"
"AMSOIL","67","186"
"TECNECO","67","120"
"RYCO","67","75"
"CARCARE","66","170"
"CANADIAN-TIRE","66","164"
"AUTOPAR","66","115"
"NEW-HOLLAND","66","113"
"MAPCO","66","77"
"MASTER-SPORT","66","76"
"CLARK","65","145"
"ALLOY","65","116"
"CASITE","64","185"
"TECALEMIT","64","105"
"SERVICE-1","64","94"
"CITGO","64","82"
"STELLOX","64","68"
"BRITISH-LEYLAND","63","402"
"MASTER-PARTS","63","248"
"BLMI","63","242"
"CRUISEMASTER","63","182"
"BRAVO","63","172"
"CAM2","63","156"
"BUMPER-TO-BUMPER","63","134"
"AUTOPRO","63","112"
"ARCO","63","102"
"DEFENSE","63","76"
"AUTOWIZE","63","72"
"AWARD","63","72"
"AUTO-VALUE","63","67"
"MARATHON-LETOURNEAU","62","144"
"UNOCAL","62","143"
"GREASE-MONKEY","62","133"
"MARATHON","62","107"
"FACET","62","106"
"GOODYEAR","61","172"
"MINIT-LUBE","61","167"
"HUTCHEN","61","103"
"PRECISION-TUNE","61","94"
"VAPORMATIC","61","92"
"GEHL","61","91"
"PRO-GAUGE","61","66"
"LEE","60","381"
"UNIPART","60","221"
"CASE-FILTERS","60","184"
"POWER-FLO","60","181"
"FLAG","60","156"
"FILTERS-INCORPORATED","60","128"
"CITROEN","60","124"
"SWAG","60","111"
"WALMI","60","103"
"PRO-TEC","60","90"
"PEUGEOT","60","82"
"MICROGARD","60","64"
"UNIVERSAL","60","64"
"K-MART","59","269"
"SEARS","59","226"
"VALUTEST","59","190"
"DYNALIFE","59","138"
"FIRESTONE","59","138"
"SUNOCO","59","138"
"IHC-NAVISTAR","59","128"
"EVERGARD","59","128"
"TRUST","59","128"
"WESTERN-AUTO","59","128"
"MILEGUARD","59","127"
"AL","59","108"
"MECHANICS-CIRCLE","59","90"
"SELECT-500","59","90"
"HAVOLINE","59","89"
"ROCKHILL","59","89"
"SILVERLINE","59","89"
"TARGET","59","89"
"ROKA","59","65"
"GULF","59","64"
"KENDALL","59","64"
"KERR-MCGEE","59","64"
"QUALITY","59","64"
"WAL-MART","59","64"
"WM-PENN","59","64"
"XSV","59","64"
"ECONO-LUBE","59","63"
"MOTOR-TREND","59","63"
"PENNZOIL","59","63"
"PRONTO","59","63"
"SAFETY-KLEEN","59","63"
"SERVICE-PRO","59","63"
"SIEG","59","63"
"JOHN-DEERE","58","104"
"PROMATCH","58","63"
"SULLAIR","57","143"
"AMC","57","120"
"PROFIT","57","62"
"CARELLO","56","89"
"STANDARD-AIR","56","60"
"MWM","55","282"
"MITSUBISHI","55","159"
"WOODGATE","54","66"
"IPD","52","111"
"VW","50","691"
"ZETTELMEYER","49","112"
"WHITE","49","66"
"KRAMER","47","124"
"LINDE","47","79"
"JC-PREMIUM","47","59"
"OPEL","45","564"
"INGERSOLL-RAND","45","104"
"BOMAG","45","92"
"FENDT","45","51"
"CASE-IH","44","101"
"ALLIANCE","44","79"
"NIPPARTS","43","58"
"MAN","42","232"
"HATZ","42","200"
"HYDRA-MAC","42","53"
"GUELDNER","42","45"
"DRIVE","42","44"
"KAMOKA","42","42"
"JCB","41","85"
"LIEBHERR","41","57"
"COACH-GUARD","41","49"
"OPTIMAL","41","47"
"ADL","41","44"
"MWM-MURPHY","41","43"
"HAKO","40","54"
"MERCEDES-BENZ","39","98"
"ISUZU","39","53"
"VM","39","42"
"UNI-PART","38","225"
"ROVER","38","53"
"ALBIN","38","41"
"AUTOLITE","38","41"
"LEYBOLD","38","41"
"VAUXHALL","37","402"
"BMW","37","83"
"YALE-TOWNE","37","56"
"MEN","36","55"
"SIERRA","36","41"
"HALFORDS","36","40"
"PARTS-MASTER","35","112"
"SF-FILTER","35","55"
"EICHER","35","54"
"LOMBARDINI","35","43"
"WESTERBEKE","35","38"
"FPC","35","38"
"RUGGERINI","35","38"
"K-N","34","74"
"ADVANCE-MACHINE","34","37"
"ECHLIN","34","37"
"FLYING-F","34","37"
"HARLEY-DAVIDSON","34","37"
"INNOCENTI","34","37"
"NSU","34","37"
"OWATONNA","34","37"
"PALMER","34","37"
"PROMOTIVE","34","37"
"WAYNE","34","37"
"SCHUPP","34","34"
"BEDFORD","33","180"
"LOSENHAUSEN","33","67"
"AQUA-POWER","33","38"
"BECKER-KOMPRESSOREN","33","36"
"EATON-CORPORATION","33","36"
"VOLVO-TRUCKS","32","86"
"ORENSTEIN-KOPPEL","32","70"
"HAMM","32","63"
"PARKER","32","37"
"FAUN","31","115"
"FIAT-ALLIS","31","86"
"ASHIKA","31","56"
"HERTH-UND-BUSS","31","44"
"BRIGGS-STRATTON","31","34"
"POWERPART","31","32"
"VIC","30","64"
"NELSON","30","58"
"CASTROL","29","42"
"WIRTGEN","29","31"
"KAELBLE","29","30"
"WAKO-INDUSTRIAL","27","29"
"LAZORLITE","26","56"
"TCI","26","55"
"SCHAEFF","26","32"
"TOPRAN","26","27"
"SERIES-2","26","27"
"MAXGEAR","26","26"
"METAL-LEVE","26","26"
"GLAS","25","52"
"HAYDEN","25","52"
"MULLER-FILTER","25","35"
"CASE-TEMP","25","26"
"GILSON","25","26"
"GRAVELY","25","26"
"HESSTON","25","26"
"LADA","25","26"
"MONROE","25","26"
"RANSOMES-RYAN","25","26"
"ROCKWELL-INTERNATIONAL","25","26"
"SIMPLICITY","25","26"
"SUPERTECH","25","26"
"KOMATSU","24","131"
"FRISCH","24","25"
"IVECO","23","69"
"NEUSON","23","26"
"JAPKO","22","34"
"FISPA","22","29"
"WEIDEMANN","22","24"
"FAHR","22","23"
"MACO-MEUDON","22","23"
"LAMBORGHINI","21","55"
"JP-GROUP","21","25"
"BOSS","21","22"
"SCHLUTER","21","22"
"GARDNER-DENVER","20","42"
"DAF","20","41"
"ROTORCOMP","20","40"
"CHAMPION-ROAD","20","22"
"PEGASO","20","21"
"PORSCHE","19","77"
"ZAFFO","19","60"
"TALBOT","19","55"
"ASHUKI","19","42"
"HOLDER","19","40"
"LISTER","19","40"
"SIDAT","19","25"
"HYSTER","19","23"
"WORTHINGTON","18","80"
"PERKINS","18","60"
"CORTECO","18","58"
"SAME","18","49"
"HURLIMANN","18","26"
"IMPREFIL","18","23"
"DT","18","23"
"HUERLIMANN","18","23"
"VALMET","18","20"
"ALCO-LOCOMOTIVE","18","20"
"FRIGIKING","18","20"
"HERCULES","18","20"
"WISMET","17","28"
"AGCO","17","23"
"JAKOPARTS","17","20"
"VOEGELE","17","17"
"KLAXCAR-FRANCE","17","17"
"MAZDA","16","102"
"VOGELE","16","23"
"FIAT-HITACHI","16","18"
"IPS","16","17"
"FERRARI","16","17"
"LANCER-BOSS","16","17"
"STILL","16","17"
"CUMMINS","15","112"
"ACR","15","24"
"WEGA","15","21"
"MICRONAIR","14","30"
"HITACHI","14","27"
"SIVENTO","14","27"
"YVEL","14","14"
"CASE","13","59"
"ATLAS-COPCO","13","24"
"DYNAPAC","13","17"
"RIETSCHLE","13","14"
"BERGKRAFT","13","13"
"TOYOTA","12","76"
"HANOMAG-HENSCHEL","12","27"
"3F-QUALITY","12","19"
"VOX","12","18"
"VME","11","23"
"KOBELCO","11","22"
"HERTH-BUSS","11","21"
"ZF","11","16"
"FIAT-AGRI","11","11"
"POCLAIN","10","70"
"THERMO-KING","10","64"
"CARRIER-TRANSICOLD","10","19"
"SAVARA","10","18"
"VEMO","10","16"
"GROVE","10","15"
"FILTRAK","10","12"
"GIF","10","12"
"MDF-SARL","10","11"
"MDR","10","11"
"SENNEBOGEN","10","10"
"INPECA","9","15"
"LINK-BELT","9","15"
"IPS-PARTS","9","10"
"TIMBERJACK","9","10"
"JARCO","9","9"
"DIESEL-TECHNIC","9","9"
"SAMPA","9","9"
"LUBER-FINER","9","9"
"PURE-FLOW-INC","9","9"
"MOTOKOV","8","125"
"DAIHATSU","8","34"
"KIA","8","26"
"KNORR-BREMSE","8","19"
"BAUER","8","13"
"MULTIPART","8","11"
"MOTRIO","8","10"
"PRO-FILTERS","8","10"
"COMPAIR","8","10"
"SANDVIK","8","9"
"LUCAS-CAV","8","9"
"GPC","8","8"
"NOITECH","8","8"
"OEM","8","8"
"DEUTZ-ALLIS","8","8"
"ALFA-ROMEO","7","29"
"FUCHS","7","17"
"AIR-REFINER","7","10"
"STEP-FILTERS","7","8"
"KAISHIN","7","8"
"KSH-KOSHIMO","7","8"
"TEREX","7","8"
"ONAN","7","8"
"SURE","7","7"
"STARLINE","7","7"
"FAUN-FRISCH","7","7"
"DIVCO","7","7"
"DAEWOO","7","7"
"SAMSUNG","7","7"
"HANSHIN","7","7"
"HONDA","6","46"
"NPS","6","43"
"ATLAS-WEYHAUSEN","6","18"
"EVOBUS","6","16"
"KAESSBOHRER-PISTENBULLY","6","16"
"LOGAN","6","12"
"SCANIA","6","12"
"VOITH","6","12"
"CYCLONE","6","10"
"GUR","6","8"
"DENSO","6","8"
"VOLVO","6","7"
"MP-FILTRI","6","7"
"TROJAN","6","7"
"CASE-INTERNATIONAL","6","6"
"INTERFIL","6","6"
"OREX","6","6"
"TRUCKTEC-AUTOMOTIVE","6","6"
"COOPER","6","6"
"FILTROS-TURBO","6","6"
"IRLEMP","6","6"
"BAP-GEON","5","29"
"BAUDOUIN","5","25"
"VAG","5","13"
"DEMAG","5","13"
"MACK","5","13"
"AP","5","12"
"CUB-CADET","5","10"
"CECCATO","5","10"
"COLES","5","10"
"AP-LOCKHEED","5","9"
"ASAHI","5","9"
"SMART","5","9"
"AUTO-EXTRA","5","9"
"BOLENS","5","9"
"SOLID-AUTO","5","7"
"UNION","5","7"
"EUROREPAR","5","7"
"REMKAFLEX","5","6"
"KAVO-PARTS","5","6"
"LAURAK","5","5"
"CM-FILTER","5","5"
"GREEN-FILTER-KUZEY","5","5"
"BEPCO-GROUP","5","5"
"AUWAERTER","5","5"
"COMPAIR-CANADA","5","5"
"GALION","5","5"
"MER","5","5"
"MERLO","5","5"
"RICHIER","5","5"
"SAM","5","5"
"SAURER","5","5"
"SCHWING","5","5"
"LANZ","5","5"
"CAV","5","5"
"SUZUKI","4","27"
"CHAMP-INT","4","24"
"SUBARU","4","22"
"CHIEF-AUTO","4","20"
"BEHR-HELLA","4","16"
"AIM","4","16"
"AUTO-PRIDE","4","16"
"COAST-TO-COAST","4","16"
"AUTOBAHN","4","12"
"CONTINENTAL-ENGINES","4","12"
"CUSHMAN","4","12"
"VW-AUDI-PORSCHE","4","11"
"TORO","4","9"
"ALASKA-DIESEL-ELECTRIC","4","8"
"ATLANTIC-RICHFIELD","4","8"
"AUTO-SENSE","4","8"
"DAI-ICHI","4","8"
"FRIGAIR","4","7"
"BRAUD","4","7"
"HINO","4","7"
"SOPARTEX","4","6"
"FILTREC","4","6"
"WGB","4","6"
"AUTOMEGA","4","6"
"AIR-PN","4","5"
"YUIL","4","5"
"LPM","4","5"
"IFA","4","5"
"DASIS","4","5"
"H-AIR-FILTER","4","4"
"KELTEC","4","4"
"GREYFRIARS","4","4"
"JURA","4","4"
"VECO","4","4"
"SOPARIS","4","4"
"SAUDI-FILTERS","4","4"
"FILTROS-MIL","4","4"
"ACE","4","4"
"ADVANCE-AUTO","4","4"
"AL-FILTER","4","4"
"APCO","4","4"
"ARIENS","4","4"
"ARVIN-MERITOR","4","4"
"AUTO-PACE","4","4"
"BLUE-MOUNTAIN","4","4"
"BUSH-HOG","4","4"
"CHAMP-FILTERS","4","4"
"CROSS","4","4"
"DAVID-BROWN","4","4"
"MERIT","4","4"
"HIDROMEK","3","10"
"ZETOR","3","9"
"HURTH","3","7"
"BOLK","3","7"
"BECKER","3","6"
"YANMAR","3","6"
"INTERCEPTOR","3","6"
"HYUNDAI","3","5"
"GRANIT","3","5"
"ERF","3","5"
"BLUEPRINT","3","4"
"HELSA","3","4"
"FILT","3","4"
"AUTO-TECH","3","4"
"DIFA","3","4"
"CHICAGO-PNEUMATIC","3","4"
"OXFIL","3","3"
"FILPRO-CORPORATION","3","3"
"FILSAN","3","3"
"AHLMANN","3","3"
"BATI","3","3"
"TGFILTER","3","3"
"CHERY","3","3"
"POWERTRAIN","3","3"
"TS-UNION","3","3"
"PUREPRO","3","3"
"MCCORMICK","3","3"
"SANY","3","3"
"KAWASAKI","3","3"
"ROL-PAK","3","3"
"VERSATILE","3","3"
"WEEN","3","3"
"PE-AUTOMOTIVE","3","3"
"PETTERS","3","3"
"BERING","3","3"
"WAUKESHA","3","3"
"GEROIL","2","6"
"KANGNAM","2","6"
"PALL","2","6"
"EUROFILTER","2","5"
"FIAT-IVECO","2","4"
"TTV","2","4"
"SEF-FILTER","2","4"
"BUSCH","2","3"
"BOGE","2","3"
"GMC","2","3"
"PERFILTER","2","3"
"TAKEUCHI","2","3"
"DONGFENG","2","3"
"PERMATIC","2","3"
"JLG","2","3"
"MDF","2","3"
"VERMEER","2","3"
"KENWORTH","2","3"
"LEYLAND","2","3"
"FILTROMEX","2","2"
"FAMEL","2","2"
"JENBACHER","2","2"
"AIAS","2","2"
"AMMANN","2","2"
"PROMES","2","2"
"AIRFIL","2","2"
"GIESSE","2","2"
"GKN","2","2"
"GUIOT","2","2"
"CONTINENTAL","2","2"
"LB-FILTER","2","2"
"TOWMOTOR","2","2"
"LANDINI","2","2"
"SAMPIYON","2","2"
"STAHLGRUBER","2","2"
"WAKO","2","2"
"DACIA","2","2"
"PANCLEAN","2","2"
"JLO","2","2"
"LIGIER","2","2"
"BOBCAT","2","2"
"ASTRA","2","2"
"BEPCO","2","2"
"WATSUN-FILTERS","2","2"
"KRISTAL","2","2"
"BBR-AUTOMOTIVE","2","2"
"BEHR","2","2"
"ONAIR","2","2"
"NSN","2","2"
"OTOKAR","2","2"
"ADVANCE-MIXER-INC","2","2"
"CHAMPION-CONSTRUCTION-EQUIPMENT","2","2"
"JDM","2","2"
"SEINECA","2","2"
"WACKER","2","2"
"ASAM","2","2"
"ISARTALER","2","2"
"KAERCHER","2","2"
"SOLO","2","2"
"SURE-FILTER","2","2"
"RUSTON-BUCYRUS","1","12"
"ORIONE","1","6"
"EOLO","1","5"
"GRESEN","1","5"
"PERRY","1","4"
"ALLISON","1","4"
"FLASH-AIR","1","4"
"INFINITI","1","4"
"VICKERS","1","4"
"DETROIT-DIESEL","1","4"
"SDMO","1","4"
"KOHLER","1","4"
"TIM","1","4"
"MTU","1","3"
"KUHLER-SCHNEIDER","1","3"
"PEX","1","3"
"RHIAG","1","3"
"ACCASTILLAGE-DIFFUSION","1","3"
"LS-TRACTOR","1","3"
"MERCRUISER","1","3"
"FARYMANN","1","3"
"AMERICAN-PARTS","1","3"
"KAESER","1","2"
"LANDROVER","1","2"
"IHC-CASE","1","2"
"SOFILTRA","1","2"
"STEYR-DAIMLER-PUCH","1","2"
"VTE","1","2"
"SEAT","1","2"
"PUTZMEISTER","1","2"
"BROCKWAY","1","2"
"CERLIST","1","2"
"CERLIST-DIESEL","1","2"
"FWD","1","2"
"LOCKHEED","1","2"
"OSHKOSH","1","2"
"MIYAMOTO","1","2"
"SINOTRUCK","1","2"
"ITN","1","2"
"AURADIA","1","2"
"CTR","1","2"
"FIDI","1","2"
"HENGSTENBERG","1","2"
"AIRMATIC","1","2"
"SPERRY-NEW-HOLLAND","1","2"
"PUREX","1","2"
"BOURGOIN","1","2"
"DITCH-WITCH","1","2"
"EPE","1","2"
"GENIE","1","2"
"HYDAC","1","2"
"IKRON","1","2"
"LENZ","1","2"
"LHA","1","2"
"MACDON","1","2"
"MARION","1","2"
"MUSTANG","1","2"
"TOTAL-SOURCE","1","2"
"CASALINI","1","2"
"DANIEL-DOYEN","1","2"
"GIANNI-FERRARI","1","2"
"IMER","1","2"
"MULTIONE","1","2"
"OSCULATI","1","2"
"SUNWARD","1","2"
"TYM","1","2"
"MASERATI","1","2"
"AVELING-BARFORD","1","2"
"EXMAN","1","2"
"HAVAM","1","2"
"HEAVY-DUTY-AIR","1","2"
"STEIGER","1","2"
"TAMROCK","1","2"
"UNITED-CENTRAL-INDUSTRIAL","1","2"
"SAUER","1","2"
"ROPA","1","2"
"KAYSER","1","2"
"GREY-FRIARS","1","2"
"MOTORI-VM","1","2"
"AIRPUR","1","1"
"SOFIN","1","1"
"ADICOMP","1","1"
"EPIROC","1","1"
"CLEVELAND","1","1"
"TECNO-COMP","1","1"
"WARTBURG","1","1"
"BIG","1","1"
"AGRALE","1","1"
"AXECO","1","1"
"BETICO","1","1"
"MULTICAR","1","1"
"PFEIFFER","1","1"
"PNEUMOFORE","1","1"
"STEYR-MOTORS","1","1"
"AIRBLOCK","1","1"
"FIAC","1","1"
"EBRO","1","1"
"SOLBERG","1","1"
"OSK-FILTER","1","1"
"ESSO","1","1"
"NATO","1","1"
"FLAM","1","1"
"CHEVRON","1","1"
"LANCIA","1","1"
"TESNILCA","1","1"
"REPCO","1","1"
"TRITON","1","1"
"WORLDPARTS","1","1"
"CANADIAN-MFRS","1","1"
"CLIMAX","1","1"
"FILGA","1","1"
"FILTER-MEX","1","1"
"GRADALL","1","1"
"NU-TECH","1","1"
"PH-HARNISCHFEGER","1","1"
"PIPERCROSS","1","1"
"STAY-READY","1","1"
"UNITED-AIR-CLEANER","1","1"
"ATOY","1","1"
"NKK","1","1"
"AUGER","1","1"
"MFI","1","1"
"VIACO","1","1"
"SCHAEFERBARTHOLD","1","1"
"AERZEN","1","1"
"EDMAC","1","1"
"PEL-JOB","1","1"
"VALTRA","1","1"
"VANDEL","1","1"
"DONSSON","1","1"
"JAC-MOTORS","1","1"
"KING-LONG","1","1"
"AVA-QUALITY-COOLING","1","1"
"ALSAFA","1","1"
"SAFI-FILTRES","1","1"
"SARL-FILTRE","1","1"
"DODGE","1","1"
"SSANGYONG","1","1"
"FREUDENBERG","1","1"
"INTERPARTS","1","1"
"LEXUS","1","1"
"MERITOR","1","1"
"WEBASTO","1","1"
"REQUAL","1","1"
"TECDRIVE","1","1"
"BIG-FILTER","1","1"
"VASCO-FILTERS","1","1"
"BRANSON","1","1"
"SOLARIS","1","1"
"FMC","1","1"
"GENERAC","1","1"
"HAIYE","1","1"
"TAYLOR-MACHINE","1","1"
"ARLON","1","1"
"BENGBU","1","1"
"CANFLO-CORPORATION","1","1"
"CIM-TEK","1","1"
"DOMANGE","1","1"
"ELGIN-SWEEPER","1","1"
"EUCLID","1","1"
"GREGOIRE","1","1"
"HAGIE","1","1"
"HEIL","1","1"
"IOWA","1","1"
"LEEMIN","1","1"
"OMC","1","1"
"RAMMAX","1","1"
"REXROTH","1","1"
"ROLBA","1","1"
"ROTAIR","1","1"
"SCHROEDER","1","1"
"DENYO","1","1"
"KELLER-GROUP","1","1"
"KIPOR","1","1"
"MANITOWOC","1","1"
"FRANKLIN-EQUIPMENT","1","1"
"HOUGH","1","1"
"LETOURNEAU-WESTINGHOUSE","1","1"
"LUGGER","1","1"
"MAXI-BILT","1","1"
"MORBARK","1","1"
"BELLE","1","1"
"BELLIER","1","1"
"CDPM","1","1"
"EUROCOMACH","1","1"
"FAI","1","1"
"FERRIS","1","1"
"FNI","1","1"
"GENPARTS","1","1"
"HIMOINSA","1","1"
"HUPPENKOTHEN","1","1"
"HUSQVARNA","1","1"
"ISEKI","1","1"
"MALLORY","1","1"
"MECATECH","1","1"
"MERCURY","1","1"
"PBL","1","1"
"POLARIS","1","1"
"PRAMAC","1","1"
"RDOC","1","1"
"THWAITES","1","1"
"TOKYO-ROKI","1","1"
"USHIP","1","1"
"WHISPER-POWER","1","1"
"BETA-MARINE","1","1"
"EATON-YALE","1","1"
"FILTRAK-BRANDT","1","1"
"PMC","1","1"
"AGRIA","1","1"
"DUCATI","1","1"
"LISTER-PETTER","1","1"
"TECUMSEH","1","1"
"KRAFT-AUTOMOTIVE","1","1"
"AIR-MAZE","1","1"
"AS","1","1"
"BARKO-HYDRAULICS","1","1"
"BERGERAT-MONNOYEUR","1","1"
"CAMECO","1","1"
"CHARDONNET","1","1"
"DOGUS","1","1"
"DRIL-TECH","1","1"
"EIMCO","1","1"
"EMD-GENERALMOTORS","1","1"
"FILITRONIC","1","1"
"FILTRAUTO-UK","1","1"
"FODEN","1","1"
"FREIGHTLINER","1","1"
"FSA","1","1"
"GUARDIAN","1","1"
"HANOMAG","1","1"
"JOY","1","1"
"KORODY-COLYER","1","1"
"LOESING","1","1"
"P-B-R","1","1"
"PACCAR","1","1"
"PARTMO-FILTERS","1","1"
"PETERBILT","1","1"
"POSTAS","1","1"
"PREVOST-CAR","1","1"
"ROMAN","1","1"
"STAUFF","1","1"
"STEWART-STEVENSON","1","1"
"TEXACO","1","1"
"UNIVERSAL-COACH-PARTS","1","1"
"VMC","1","1"
"WALGAHN-MOTOREN","1","1"
"PARKER-HANNIFIN","1","1"
"SUNDSTRAND","1","1"
"BTS-TURBO","1","1"
"STEINBOCK","1","1"
"TRP","1","1"
"THOMAS-EQUIPMENT","1","1"
"KLAXCAR","1","1"
"PERFIL","1","1"
"ROYALTEK","1","1"
"JUNGHEINRICH","1","1"
"RACOR","1","1"
"BENATI","1","1"
"DIAMOND","1","1"
"DORMAN","1","1"
"EPAGRI","1","1"
"EUROPARTS","1","1"
"FENGYE","1","1"
"GENERAL-ELECTRIC","1","1"
"MASTE","1","1"
"QAP-FILTERS","1","1"
"BMC","1","1"
"FURUKAWA","1","1"
"TADANO","1","1"
"TOYO","1","1"
