"elimfilters_sku","source_sku","segment","cross_reference_count","application_count","specification_count","unique_makes","coverage_score"
"EA50005","C20005","Air Filter","6","1","3","1","70"
"EA50010","C40010","Air Filter","41","0","0","0","40"
"EA50067","C67","Air Filter","3","0","4","0","35"
"EA50079","C79","Air Filter","4","0","0","0","15"
"EA50103","C30103","Air Filter","4","0","0","0","15"
"EA50148","CS60148","Air Filter","13","0","0","0","40"
"EA50149","C149","Air Filter","7","0","4","0","45"
"EA50151","C151","Air Filter","1","0","0","0","15"
"EA50153","C30153","Air Filter","15","0","0","0","40"
"EA50161","C20161","Air Filter","14","0","3","0","60"
"EA50280","C20280","Air Filter","9","0","5","0","45"
"EA50304","C304","Air Filter","1","0","0","0","15"
"EA50321","C291032/1","Air Filter","30","0","0","0","40"
"EA50322","C32/2","Air Filter","2","0","0","0","15"
"EA50334","C33(4)","Air Filter","4","0","0","0","15"
"EA50400","C30400","Air Filter","1","0","3","0","35"
"EA50410","C410","Air Filter","2","0","4","0","35"
"EA50411","C411","Air Filter","10","0","4","0","60"
"EA50431","C43/1","Air Filter","5","0","0","0","25"
"EA50551","C2055/1","Air Filter","2","0","0","0","15"
"EA50554","C55(4)","Air Filter","4","0","0","0","15"
"EA50654","C65/4","Air Filter","5","0","0","0","25"
"EA50710","C710","Air Filter","6","0","0","0","25"
"EA50792","C79/2","Air Filter","2","0","0","0","15"
"EA50814","C814","Air Filter","18","0","0","0","40"
"EA50821","C5082/1","Air Filter","26","0","0","0","40"
"EA50855","C20855","Air Filter","7","0","0","0","25"
"EA50873","C30873","Air Filter","5","0","4","0","45"
"EA50883","C30883","Air Filter","6","0","0","0","25"
"EA50905","C20905","Air Filter","5","0","0","0","25"
"EA50931","C311093/1","Air Filter","2","0","0","0","15"
"EA50946","C946","Air Filter","38","0","3","0","60"
"EA50957","C957","Air Filter","3","0","0","0","15"
"EA51008","C361008","Air Filter","6","0","0","0","25"
"EA51011","C21011","Air Filter","14","0","0","0","40"
"EA51014","CL1014","Air Filter","6","0","0","0","25"
"EA51027","C311027","Air Filter","4","0","0","0","15"
"EA51091","C34109/1","Air Filter","5","0","0","0","25"
"EA51093","C311093","Air Filter","15","0","0","0","40"
"EA51104","C21104","Air Filter","40","0","3","0","60"
"EA51109","C31109","Air Filter","4","0","3","0","35"
"EA51113","C1113","Air Filter","3","0","0","0","15"
"EA51116","CL1116","Air Filter","9","0","0","0","25"
"EA51118","CL1118","Air Filter","3","0","0","0","15"
"EA51121","CL1121","Air Filter","28","0","0","0","40"
"EA51130","CL1130","Air Filter","28","0","0","0","40"
"EA51131","C16113/1","Air Filter","2","0","0","0","15"
"EA51132","C31132","Air Filter","5","0","0","0","25"
"EA51143","C13114/3","Air Filter","3","0","0","0","15"
"EA51149","C1149","Air Filter","2","0","0","0","15"
"EA51151","C1151","Air Filter","40","0","4","0","60"
"EA51152","C31152","Air Filter","32","0","0","0","40"
"EA51154","C1154","Air Filter","2","0","0","0","15"
"EA51171","C22117/1","Air Filter","6","0","0","0","25"
"EA51185","C1185","Air Filter","25","0","0","0","40"
"EA51201","C2120/1","Air Filter","282","0","0","0","40"
"EA51202","C15120/2","Air Filter","2","0","0","0","15"
"EA51219","C1219","Air Filter","3","0","0","0","15"
"EA51220","CL1220","Air Filter","4","0","0","0","15"
"EA51225","CL1225","Air Filter","4","0","0","0","15"
"EA51227","CL1227","Air Filter","11","0","0","0","40"
"EA51230","C1230","Air Filter","2","0","0","0","15"
"EA51236","C1236","Air Filter","24","0","0","0","40"
"EA51241","C35124/1","Air Filter","2","0","0","0","15"
"EA51243","C1243","Air Filter","13","0","0","0","40"
"EA51245","C15124/5","Air Filter","2","0","0","0","15"
"EA51248","CS1248","Air Filter","43","0","4","0","60"
"EA51250","C271250","Air Filter","13","0","0","0","40"
"EA51253","C30125/3","Air Filter","9","0","0","0","25"
"EA51257","C1257","Air Filter","2","0","0","0","15"
"EA51261","C30126/1","Air Filter","2","0","0","0","15"
"EA51320","C271320","Air Filter","25","0","3","0","60"
"EA51321","CL1321","Air Filter","12","0","0","0","40"
"EA51325","CL1325","Air Filter","6","0","0","0","25"
"EA51326","CL1326","Air Filter","8","0","0","0","25"
"EA51338","C1338","Air Filter","9","0","0","0","25"
"EA51349","C1349","Air Filter","4","0","0","0","15"
"EA51355","C1355","Air Filter","2","0","0","0","15"
"EA51357","C1357","Air Filter","13","0","4","0","60"
"EA51358","C1358","Air Filter","9","0","0","0","25"
"EA51366","C291366","Air Filter","24","0","0","0","40"
"EA51376","C1376","Air Filter","29","2","4","1","85"
"EA51381","C26138/1","Air Filter","17","0","0","0","40"
"EA51390","C311390","Air Filter","6","0","0","0","25"
"EA51397","C261397","Air Filter","4","0","0","0","15"
"EA51406","C271406","Air Filter","13","0","0","0","40"
"EA51415","C1415","Air Filter","24","0","4","0","60"
"EA51418","CL1418","Air Filter","2","0","0","0","15"
"EA51424","C1424","Air Filter","3","0","0","0","15"
"EA51426","C1426","Air Filter","4","0","0","0","15"
"EA51429","CL1429","Air Filter","11","0","0","0","40"
"EA51454","C1145/4","Air Filter","5","0","0","0","25"
"EA51455","C1145/5","Air Filter","12","0","0","0","40"
"EA51461","C18146/1","Air Filter","3","0","0","0","15"
"EA51462","C18146/2","Air Filter","3","0","0","0","15"
"EA51465","C1465","Air Filter","22","7","8","2","85"
"EA51470","C1470","Air Filter","12","0","0","0","40"
"EA51476","C1476","Air Filter","13","0","0","0","40"
"EA51491","C31149/1","Air Filter","2","0","0","0","15"
"EA51500","C641500","Air Filter","23","0","3","0","60"
"EA51519","C1519","Air Filter","3","0","0","0","15"
"EA51520","C271520","Air Filter","22","0","0","0","40"
"EA51532","C1532","Air Filter","12","0","0","0","40"
"EA51591","C14159/1","Air Filter","52","0","0","0","40"
"EA51595","C1595","Air Filter","24","0","0","0","40"
"EA51608","CL1608","Air Filter","4","0","0","0","15"
"EA51631","C2163/1","Air Filter","94","0","0","0","40"
"EA51632","C1632","Air Filter","29","0","4","0","60"
"EA51642","C1642","Air Filter","8","0","0","0","25"
"EA51648","C1648","Air Filter","7","0","0","0","25"
"EA51651","C15165/1","Air Filter","230","0","0","0","40"
"EA51672","C1672","Air Filter","1","0","4","0","35"
"EA51704","C271170/4","Air Filter","19","0","0","0","40"
"EA51723","CL1723","Air Filter","4","0","0","0","15"
"EA51725","C1725","Air Filter","2","0","4","0","35"
"EA51750","C1750","Air Filter","3","0","0","0","15"
"EA51752","C1752","Air Filter","47","0","3","0","60"
"EA51753","C3175/3","Air Filter","4","0","0","0","15"
"EA51754","C3175/4","Air Filter","3","0","0","0","15"
"EA51759","C1759","Air Filter","4","0","0","0","15"
"EA51792","CL1792","Air Filter","2","0","0","0","15"
"EA51794","CL1794","Air Filter","3","0","0","0","15"
"EA51815","C1815","Air Filter","2","0","4","0","35"
"EA51817","CL1817","Air Filter","5","0","0","0","25"
"EA51829","C1829","Air Filter","15","0","0","0","40"
"EA51839","C1839","Air Filter","3","0","0","0","15"
"EA51842","C1842","Air Filter","8","0","0","0","25"
"EA51895","C571895","Air Filter","4","0","4","0","35"
"EA51902","C31190/2","Air Filter","71","0","0","0","40"
"EA51935","CS1935","Air Filter","3","0","0","0","15"
"EA51963","C1963","Air Filter","2","0","0","0","15"
"EA51966","C1966","Air Filter","3","0","0","0","15"
"EA52007","C32007","Air Filter","2","0","0","0","15"
"EA52012","C17201/2","Air Filter","2","0","0","0","15"
"EA52014","C12014","Air Filter","1","0","0","0","15"
"EA52019","C22019","Air Filter","12","0","3","0","60"
"EA52021","C32021","Air Filter","1","0","0","0","15"
"EA52120","C2120","Air Filter","43","0","4","0","60"
"EA52126","C32126","Air Filter","10","0","0","0","40"
"EA52140","C32140","Air Filter","28","0","0","0","40"
"EA52169","C2169","Air Filter","18","0","0","0","40"
"EA52180","C2180","Air Filter","24","0","0","0","40"
"EA52192","C42192","Air Filter","31","0","3","0","60"
"EA52222","C32222","Air Filter","8","0","0","0","25"
"EA52227","C2227","Air Filter","16","0","0","0","40"
"EA52231","C2231","Air Filter","7","0","0","0","25"
"EA52232","C2232","Air Filter","5","0","0","0","25"
"EA52234","C2234","Air Filter","7","0","0","0","25"
"EA52242","C2242","Air Filter","18","0","0","0","40"
"EA52252","C17225/2","Air Filter","2","0","0","0","15"
"EA52261","C311226/1","Air Filter","25","0","0","0","40"
"EA52284","C572284","Air Filter","1","0","0","0","15"
"EA52313","CS2313","Air Filter","3","0","3","0","35"
"EA52320","C2320","Air Filter","3","0","0","0","15"
"EA52323","C2323","Air Filter","24","5","4","3","85"
"EA52351","C2351","Air Filter","3","0","0","0","15"
"EA52436","C2436","Air Filter","32","0","4","0","60"
"EA52437","C2437","Air Filter","18","0","0","0","40"
"EA52485","C2485","Air Filter","46","0","3","0","60"
"EA52517","C2517","Air Filter","32","0","3","0","60"
"EA52520","C2520","Air Filter","14","0","0","0","40"
"EA52526","C2526","Air Filter","2","0","0","0","15"
"EA52545","C2545","Air Filter","16","0","0","0","40"
"EA52555","C2555","Air Filter","9","0","0","0","25"
"EA52561","C2256/1","Air Filter","3","0","0","0","15"
"EA52580","C22580","Air Filter","13","0","3","0","60"
"EA52590","C2590","Air Filter","6","0","0","0","25"
"EA52602","C352260/2","Air Filter","2","0","0","0","15"
"EA52612","C2612","Air Filter","24","0","3","0","60"
"EA52631","C2263/1","Air Filter","43","0","0","0","40"
"EA52659","C2659","Air Filter","111","26","4","4","100"
"EA52672","C2672","Air Filter","3","0","0","0","15"
"EA52673","C2673","Air Filter","3","0","0","0","15"
"EA52675","C2675","Air Filter","76","79","4","1","100"
"EA52685","C2685","Air Filter","27","4","4","1","85"
"EA52690","C2690","Air Filter","3","0","0","0","15"
"EA52719","CL2719","Air Filter","4","0","0","0","15"
"EA52720","C2720","Air Filter","22","0","0","0","40"
"EA52731","C2731","Air Filter","5","0","0","0","25"
"EA52737","C2737","Air Filter","8","0","0","0","25"
"EA52751","C2751","Air Filter","16","0","0","0","40"
"EA52758","C2758","Air Filter","46","8","4","2","85"
"EA52769","C2769","Air Filter","4","0","0","0","15"
"EA52797","C2797","Air Filter","4","0","0","0","15"
"EA52841","C3284/1","Air Filter","4","0","0","0","15"
"EA52853","C2853","Air Filter","4","0","0","0","15"
"EA52873","C2873","Air Filter","9","0","0","0","25"
"EA52878","C2878","Air Filter","20","0","0","0","40"
"EA52938","C2938","Air Filter","23","0","0","0","40"
"EA52956","C2956","Air Filter","11","0","0","0","40"
"EA52982","C2982","Air Filter","39","0","3","0","60"
"EA52987","C2987","Air Filter","57","0","3","0","60"
"EA53010","C13010","Air Filter","1","0","0","0","15"
"EA53012","C3012","Air Filter","26","0","3","0","60"
"EA53029","CS3029","Air Filter","5","0","0","0","25"
"EA53032","C3032","Air Filter","3","0","0","0","15"
"EA53051","C3051","Air Filter","60","4","4","1","85"
"EA53054","C3054","Air Filter","2","0","0","0","15"
"EA53087","C3087","Air Filter","54","0","3","0","60"
"EA53088","C3088","Air Filter","29","0","3","0","60"
"EA53135","C13135","Air Filter","15","0","0","0","40"
"EA53137","C13137","Air Filter","9","0","0","0","25"
"EA53141","C3141","Air Filter","11","0","0","0","40"
"EA53161","C3161","Air Filter","12","0","0","0","40"
"EA53241","C33241","Air Filter","5","0","0","0","25"
"EA53244","C32/4(4)","Air Filter","2","0","0","0","15"
"EA53251","C23251","Air Filter","129","0","0","0","40"
"EA53255","C3255","Air Filter","3","0","0","0","15"
"EA53257","C3257","Air Filter","4","0","0","0","15"
"EA53259","C23259","Air Filter","3","0","5","0","35"
"EA53280","C33280","Air Filter","2","0","3","0","35"
"EA53287","C3287","Air Filter","17","0","0","0","40"
"EA53290","C3290","Air Filter","21","0","0","0","40"
"EA53314","C33/1(4)","Air Filter","4","0","0","0","15"
"EA53326","C23326","Air Filter","8","0","0","0","25"
"EA53381","C3338/1","Air Filter","42","0","0","0","40"
"EA53382","C3382","Air Filter","8","0","0","0","25"
"EA53437","C3437","Air Filter","6","0","0","0","25"
"EA53468","C3468","Air Filter","44","0","3","0","60"
"EA53483","C3483","Air Filter","8","0","0","0","25"
"EA53485","C3485","Air Filter","42","0","3","0","60"
"EA53540","C33540","Air Filter","2","0","3","0","35"
"EA53553","C3553","Air Filter","2","0","0","0","15"
"EA53612","C3361/2","Air Filter","6","0","0","0","25"
"EA53621","C1362/1","Air Filter","3","0","0","0","15"
"EA53671","C3671","Air Filter","57","0","3","0","60"
"EA53688","CL3688","Air Filter","2","0","0","0","15"
"EA53689","CL3689","Air Filter","12","0","0","0","40"
"EA53690","CL3690","Air Filter","36","0","0","0","40"
"EA53698","C3698","Air Filter","28","0","0","0","40"
"EA53777","C3777","Air Filter","8","0","0","0","25"
"EA53795","C2379/5","Air Filter","194","0","0","0","40"
"EA53842","C3842","Air Filter","21","0","0","0","40"
"EA53877","C3877","Air Filter","27","0","3","0","60"
"EA53921","C33921","Air Filter","16","0","4","0","60"
"EA53962","C33962","Air Filter","1","0","4","0","35"
"EA53975","C3975","Air Filter","15","0","6","0","60"
"EA53984","C3984","Air Filter","9","0","0","0","25"
"EA53991","C1399/1","Air Filter","2","0","0","0","15"
"EA54039","C24039","Air Filter","41","0","0","0","40"
"EA54057","C4057","Air Filter","4","0","0","0","15"
"EA54085","C4085","Air Filter","11","0","0","0","40"
"EA54117","C14117","Air Filter","38","5","4","1","85"
"EA54123","C24123","Air Filter","37","0","3","0","60"
"EA54137","C24137","Air Filter","16","0","0","0","40"
"EA54280","C4280","Air Filter","5","0","0","0","25"
"EA54287","C4287","Air Filter","30","0","0","0","40"
"EA54310","C24310","Air Filter","3","0","0","0","15"
"EA54331","C2433/1","Air Filter","4","0","0","0","15"
"EA54334","C43/3(4)","Air Filter","4","0","0","0","15"
"EA54360","C34360","Air Filter","3","0","3","0","35"
"EA54369","C4369","Air Filter","22","0","3","0","60"
"EA54458","C24458","Air Filter","7","0","0","0","25"
"EA54464","C44/6(4)","Air Filter","1","0","0","0","15"
"EA54474","C44/7(4)","Air Filter","4","0","0","0","15"
"EA54681","C1468/1","Air Filter","5","0","0","0","25"
"EA54745","C24745","Air Filter","17","0","0","0","40"
"EA54760","C24760","Air Filter","6","0","0","0","25"
"EA54824","C48/2(4)","Air Filter","4","0","0","0","15"
"EA54851","C3485/1","Air Filter","9","0","0","0","25"
"EA55006","C35006","Air Filter","25","0","3","0","60"
"EA55007","C25007","Air Filter","2","0","0","0","15"
"EA55010","C15010M","Air Filter","23","0","0","0","40"
"EA55105","C15105","Air Filter","33","0","2","0","60"
"EA55117","C25117","Air Filter","35","0","3","0","60"
"EA55124","C15124","Air Filter","4","0","4","0","35"
"EA55127","C35127","Air Filter","21","0","0","0","40"
"EA55143","C15143","Air Filter","29","0","2","0","60"
"EA55163","C15163","Air Filter","57","0","4","0","60"
"EA55177","C35177M","Air Filter","29","0","0","0","40"
"EA55178","C35178","Air Filter","21","0","0","0","40"
"EA55262","C2526/2","Air Filter","104","0","0","0","40"
"EA55336","C45336","Air Filter","12","0","0","0","40"
"EA55403","C15403","Air Filter","4","0","4","0","35"
"EA55508","C25508","Air Filter","5","0","0","0","25"
"EA55532","C2553/2","Air Filter","109","0","0","0","40"
"EA55570","C25570","Air Filter","1","0","0","0","15"
"EA55614","C56/1(4)","Air Filter","5","0","0","0","25"
"EA55660","C25660","Air Filter","18","0","3","0","60"
"EA55754","C25754","Air Filter","26","0","3","0","60"
"EA55950","C25950","Air Filter","10","0","0","0","40"
"EA56001","C331600/1","Air Filter","13","0","0","0","40"
"EA56005","C16005M","Air Filter","22","0","0","0","40"
"EA56007","C36007","Air Filter","2","0","0","0","15"
"EA56110","C26110","Air Filter","15","0","0","0","40"
"EA56111","C26111","Air Filter","19","0","0","0","40"
"EA56118","C26118","Air Filter","7","0","0","0","25"
"EA56122","C16122","Air Filter","54","1","4","1","85"
"EA56130","C16130","Air Filter","8","0","0","0","25"
"EA56140","C26140","Air Filter","14","0","0","0","40"
"EA56142","C16142","Air Filter","26","0","3","0","60"
"EA56144","C26144","Air Filter","39","0","3","0","60"
"EA56206","C26206","Air Filter","33","0","0","0","40"
"EA56212","C16212","Air Filter","3","0","0","0","15"
"EA56214","C16214","Air Filter","6","0","5","0","45"
"EA56315","C26315","Air Filter","2","0","0","0","15"
"EA56601","C25660/1","Air Filter","3","0","0","0","15"
"EA56848","C26848","Air Filter","1","0","3","0","35"
"EA57001","C37001","Air Filter","3","0","0","0","15"
"EA57006","C37006","Air Filter","1","0","0","0","15"
"EA57008","C27008","Air Filter","19","0","0","0","40"
"EA57024","C27024","Air Filter","1","0","0","0","15"
"EA57100","C27100","Air Filter","26","0","0","0","40"
"EA57111","CS17111","Air Filter","8","0","0","0","25"
"EA57125","C17125","Air Filter","14","0","4","0","60"
"EA57143","C27143","Air Filter","27","0","0","0","40"
"EA57160","C47160","Air Filter","6","0","0","0","25"
"EA57161","C17161","Air Filter","1","0","4","0","35"
"EA57177","C17177","Air Filter","8","0","0","0","25"
"EA57181","C718/1","Air Filter","1","0","0","0","15"
"EA57192","C27192","Air Filter","28","0","0","0","40"
"EA57308","C17308","Air Filter","16","0","0","0","40"
"EA57585","C27585","Air Filter","18","0","0","0","40"
"EA57742","C2774/2","Air Filter","8","0","0","0","25"
"EA57902","C27902","Air Filter","13","0","0","0","40"
"EA58003","C28003","Air Filter","12","0","4","0","60"
"EA58006","C28006","Air Filter","10","0","0","0","40"
"EA58023","C18023","Air Filter","21","0","0","0","40"
"EA58043","C28043M","Air Filter","14","0","0","0","40"
"EA58146","C18146","Air Filter","11","0","0","0","40"
"EA58147","C38147","Air Filter","9","0","0","0","25"
"EA58160","C28160","Air Filter","31","0","3","0","60"
"EA58161","C816/1","Air Filter","2","0","0","0","15"
"EA58163","C38163","Air Filter","16","0","0","0","40"
"EA58185","C58185","Air Filter","29","0","0","0","40"
"EA58187","C18187","Air Filter","1","0","0","0","15"
"EA58202","C18202","Air Filter","18","0","0","0","40"
"EA58214","C28214","Air Filter","24","0","0","0","40"
"EA58360","C18360","Air Filter","3","0","0","0","15"
"EA58524","C2852/4","Air Filter","2","0","0","0","15"
"EA58581","C1858/1","Air Filter","11","0","0","0","40"
"EA58601","C25860/1","Air Filter","32","0","0","0","40"
"EA58603","C25860/3","Air Filter","3","0","0","0","15"
"EA58612","C2861/2","Air Filter","21","0","0","0","40"
"EA58832","C1883/2","Air Filter","55","0","0","0","40"
"EA58940","C28940","Air Filter","3","0","0","0","15"
"EA59021","C29021M","Air Filter","11","0","0","0","40"
"EA59022","C29022","Air Filter","2","0","0","0","15"
"EA59108","C29108","Air Filter","13","0","0","0","40"
"EA59122","C29122","Air Filter","25","0","0","0","40"
"EA59126","C29126","Air Filter","21","0","0","0","40"
"EA59171","C19171","Air Filter","5","0","0","0","25"
"EA59352","C29352","Air Filter","2","0","0","0","15"
"EA59624","C29624","Air Filter","14","0","0","0","40"
"EA59920","C29920","Air Filter","11","0","0","0","40"
"EA59985","C2998/5","Air Filter","6","0","0","0","25"
"EC50010","CF10010","Cabin Filter","1","0","0","0","15"
"EC50022","CU22002/2","Cabin Filter","2","0","0","0","15"
"EC50092","CU22009/2","Cabin Filter","49","0","0","0","40"
"EC50620","CF620","Cabin Filter","32","0","0","0","40"
"EC50713","CF713","Cabin Filter","5","0","0","0","25"
"EC50813","CF813","Cabin Filter","2","0","0","0","15"
"EC51010","CF11010","Cabin Filter","1","0","0","0","15"
"EC51012","CU21012","Cabin Filter","33","0","0","0","40"
"EC51062","CU2106/2","Cabin Filter","51","0","0","0","40"
"EC51111","CF1111","Cabin Filter","8","0","0","0","25"
"EC51222","CF1222","Cabin Filter","2","0","0","0","15"
"EC51313","CU1313","Cabin Filter","12","0","0","0","40"
"EC51422","CF1422","Cabin Filter","47","0","0","0","40"
"EC51500","CF1500","Cabin Filter","2","0","0","0","15"
"EC51620","CU1620","Cabin Filter","12","0","0","0","40"
"EC51721","CU1721","Cabin Filter","2","0","0","0","15"
"EC51811","CF1811","Cabin Filter","16","0","0","0","40"
"EC51828","CU1828M","Cabin Filter","58","0","0","0","40"
"EC51853","CU1853","Cabin Filter","6","0","0","0","25"
"EC51911","CU1911","Cabin Filter","20","0","0","0","40"
"EC51916","CU1916","Cabin Filter","24","0","3","0","60"
"EC51931","CU1931","Cabin Filter","15","0","0","0","40"
"EC51938","CU1938","Cabin Filter","3","0","0","0","15"
"EC52000","CUK22000","Cabin Filter","8","0","3","0","45"
"EC52022","CUK22022M","Cabin Filter","6","0","0","0","25"
"EC52126","CU2126","Cabin Filter","11","0","0","0","40"
"EC52131","CU2131M","Cabin Filter","59","0","0","0","40"
"EC52133","CU2133","Cabin Filter","3","0","0","0","15"
"EC52142","CU2214/2","Cabin Filter","57","0","0","0","40"
"EC52224","CU2224","Cabin Filter","7","0","0","0","25"
"EC52327","CU2327","Cabin Filter","70","0","3","0","60"
"EC52368","CU2368","Cabin Filter","618","0","0","0","40"
"EC52531","CU2531","Cabin Filter","131","15","3","1","100"
"EC52639","CUK2639","Cabin Filter","47","0","3","0","60"
"EC52725","CUK2725","Cabin Filter","6","0","0","0","25"
"EC52744","CUK2744","Cabin Filter","3","0","0","0","15"
"EC52745","CU2745","Cabin Filter","32","0","3","0","60"
"EC52862","CU2862","Cabin Filter","12","0","0","0","40"
"EC52949","CU2949","Cabin Filter","67","0","6","0","60"
"EC53019","CU23019M","Cabin Filter","14","0","0","0","40"
"EC53023","CUK3023","Cabin Filter","45","0","3","0","60"
"EC53042","CU3042","Cabin Filter","36","0","0","0","40"
"EC53146","CU3146","Cabin Filter","17","0","0","0","40"
"EC53162","CU3162","Cabin Filter","6","0","0","0","25"
"EC53241","CU3241","Cabin Filter","2","0","0","0","15"
"EC53272","CU2327/2","Cabin Filter","15","0","0","0","40"
"EC53553","CU3553","Cabin Filter","39","0","3","0","60"
"EC53973","CU3973","Cabin Filter","27","0","0","0","40"
"EC53979","CU3979","Cabin Filter","88","0","0","0","40"
"EC54001","CF24001","Cabin Filter","1","0","0","0","15"
"EC54002","CF24002","Cabin Filter","6","0","0","0","25"
"EC54005","CF14005","Cabin Filter","33","0","0","0","40"
"EC54182","CU2418/2","Cabin Filter","27","0","0","0","40"
"EC54192","CU54192","Cabin Filter","9","0","3","0","45"
"EC54260","CU4260","Cabin Filter","77","14","3","1","100"
"EC55422","CU2542/2","Cabin Filter","65","0","0","0","40"
"EC56001","CF600/1","Cabin Filter","4","0","0","0","15"
"EC56022","CF16022","Cabin Filter","2","0","0","0","15"
"EC57001","CF07001","Cabin Filter","1","0","0","0","15"
"EC57232","CUK2723/2","Cabin Filter","45","0","0","0","40"
"EC58112","CU1811/2","Cabin Filter","31","0","0","0","40"
"EC58971","CU2897/1","Cabin Filter","119","0","0","0","40"
"EC59003","CF19003","Cabin Filter","19","0","0","0","40"
"EC59154","CUK29154","Cabin Filter","2","0","3","0","35"
"EF50007","PU10007","Fuel Filter","1","0","0","0","15"
"EF50015","PU10015X","Fuel Filter","1","0","0","0","15"
"EF50031","WK31","Fuel Filter","38","0","0","0","40"
"EF50042","WK42","Fuel Filter","21","0","0","0","40"
"EF50043","WK43","Fuel Filter","7","0","0","0","25"
"EF50068","WK68","Fuel Filter","75","0","0","0","40"
"EF50212","WK21/2","Fuel Filter","2","0","0","0","15"
"EF50311","WK31/1","Fuel Filter","3","0","0","0","15"
"EF50313","WK31/3","Fuel Filter","4","0","0","0","15"
"EF50316","WK31/6","Fuel Filter","3","0","0","0","15"
"EF50317","WK31/7","Fuel Filter","4","0","0","0","15"
"EF50318","WK31/8","Fuel Filter","4","0","0","0","15"
"EF50319","WK31/9","Fuel Filter","3","0","0","0","15"
"EF50321","WK32/1","Fuel Filter","3","0","0","0","15"
"EF50322","WK32/2","Fuel Filter","3","0","0","0","15"
"EF50431","WK43/1","Fuel Filter","8","0","0","0","25"
"EF50451","WK45/1","Fuel Filter","3","0","0","0","15"
"EF50519","WK519","Fuel Filter","33","0","0","0","40"
"EF50521","WK521","Fuel Filter","35","11","0","1","80"
"EF50523","WK523","Fuel Filter","18","0","0","0","40"
"EF50602","WK1060/2","Fuel Filter","7","0","0","0","25"
"EF50719","WK719","Fuel Filter","17","0","0","0","40"
"EF50761","WK76/1","Fuel Filter","92","0","0","0","40"
"EF50764","WK76/4","Fuel Filter","23","0","0","0","40"
"EF50814","WK814","Fuel Filter","28","0","0","0","40"
"EF50817","WK817","Fuel Filter","65","0","0","0","40"
"EF50834","WK834","Fuel Filter","37","0","0","0","40"
"EF50835","PU835X","Fuel Filter","5","0","0","0","25"
"EF50854","WK854","Fuel Filter","24","0","0","0","40"
"EF50917","WK917","Fuel Filter","14","0","0","0","40"
"EF50918","WK918","Fuel Filter","52","0","0","0","40"
"EF50932","PU932X","Fuel Filter","43","0","0","0","40"
"EF50936","WK936","Fuel Filter","6","0","0","0","25"
"EF50953","WK953","Fuel Filter","34","0","0","0","40"
"EF50966","PU966X","Fuel Filter","16","0","0","0","40"
"EF50999","PU999X","Fuel Filter","21","0","0","0","40"
"EF51003","WK91003","Fuel Filter","2","0","0","0","15"
"EF51046","PU1046X","Fuel Filter","32","0","0","0","40"
"EF51145","WK1145","Fuel Filter","5","0","0","0","25"
"EF51164","WK1164","Fuel Filter","3","0","0","0","15"
"EF51210","WK21/2(10)","Fuel Filter","2","0","0","0","15"
"EF51418","WK614/18","Fuel Filter","2","0","0","0","15"
"EF51426","WK614/26","Fuel Filter","53","0","0","0","40"
"EF51432","WK614/32","Fuel Filter","42","0","0","0","40"
"EF51436","WK614/36","Fuel Filter","54","0","0","0","40"
"EF51437","WK614/37","Fuel Filter","5","0","0","0","25"
"EF52210","WK842/2(10)","Fuel Filter","1","0","0","0","15"
"EF53002","WK3002","Fuel Filter","7","0","0","0","25"
"EF53010","WK830/10","Fuel Filter","2","0","0","0","15"
"EF53280","WK932/80","Fuel Filter","5","0","0","0","25"
"EF54018","WK940/18","Fuel Filter","2","0","0","0","15"
"EF54032","WK940/32X","Fuel Filter","2","0","0","0","15"
"EF54213","WK42/13","Fuel Filter","46","0","0","0","40"
"EF55002","PU5002Z","Fuel Filter","4","0","0","0","15"
"EF55005","WK5005Z","Fuel Filter","16","0","0","0","40"
"EF55008","WK5008","Fuel Filter","17","0","0","0","40"
"EF56006","WK6006","Fuel Filter","13","0","0","0","40"
"EF56031","WK6031M","Fuel Filter","110","0","0","0","40"
"EF56133","WK613/3","Fuel Filter","12","0","0","0","40"
"EF56142","WK614/2","Fuel Filter","4","0","0","0","15"
"EF56184","WK618/4","Fuel Filter","2","0","0","0","15"
"EF56881","WK68/81","Fuel Filter","2","0","0","0","15"
"EF57105","WK710/5","Fuel Filter","2","0","0","0","15"
"EF57126","WK712/6","Fuel Filter","1","0","0","0","15"
"EF58009","WK8009","Fuel Filter","5","0","0","0","25"
"EF58019","PU8019","Fuel Filter","2","0","0","0","15"
"EF58141","WK814/1","Fuel Filter","9","0","0","0","25"
"EF58192","WK8192","Fuel Filter","7","0","0","0","25"
"EF58193","WK819/3X","Fuel Filter","4","0","0","0","15"
"EF58205","WK820/5","Fuel Filter","1","0","0","0","15"
"EF58208","WK820/8","Fuel Filter","2","0","0","0","15"
"EF58233","WK823/3","Fuel Filter","25","0","0","0","40"
"EF58301","WK830/1","Fuel Filter","2","0","0","0","15"
"EF58302","WK830/2","Fuel Filter","41","0","0","0","40"
"EF58304","WK830/4","Fuel Filter","2","0","0","0","15"
"EF58309","WK830/9","Fuel Filter","37","0","0","0","40"
"EF58425","WK842/5","Fuel Filter","8","0","0","0","25"
"EF58427","WK842/7","Fuel Filter","3","0","0","0","15"
"EF58533","WK853/3","Fuel Filter","80","0","0","0","40"
"EF58535","WK853/5","Fuel Filter","3","0","0","0","15"
"EF59002","PU9002X","Fuel Filter","36","0","0","0","40"
"EF59004","PU9004","Fuel Filter","2","0","0","0","15"
"EF59042","WK9042","Fuel Filter","1","0","0","0","15"
"EF59211","WK921/1","Fuel Filter","3","0","0","0","15"
"EF59252","WK925/2","Fuel Filter","13","0","0","0","40"
"EF59504","WK950/4","Fuel Filter","136","0","0","0","40"
"EF59661","PU966/1","Fuel Filter","17","0","0","0","40"
"EF59702","WK9702","Fuel Filter","9","0","0","0","25"
"EL50003","WH10003","Oil Filter","9","0","0","0","25"
"EL50031","HU7003/1X","Oil Filter","13","0","0","0","40"
"EL50077","W77N","Oil Filter","5","0","0","0","25"
"EL50078","W78","Oil Filter","10","0","0","0","40"
"EL50111","W6011/1","Oil Filter","60","12","6","2","100"
"EL50152","HU6015/2ZKIT","Oil Filter","2","0","0","0","15"
"EL50181","W6018/1","Oil Filter","31","19","6","1","100"
"EL50211","W11102/11","Oil Filter","100","49","6","3","100"
"EL50212","WP11102/1/2","Oil Filter","116","0","6","0","60"
"EL50214","W11102/14","Oil Filter","100","49","6","3","100"
"EL50220","W11102/20","Oil Filter","100","49","6","3","100"
"EL50224","W11102/24","Oil Filter","100","49","6","3","100"
"EL50243","W11102/43","Oil Filter","100","49","6","3","100"
"EL50248","W11102/48","Oil Filter","100","49","6","3","100"
"EL50510","W940/5(10)","Oil Filter","418","65","6","4","100"
"EL50610","W920/6(10)","Oil Filter","475","8","6","2","85"
"EL50711","W711","Oil Filter","31","0","0","0","40"
"EL50712","HU712X","Oil Filter","61","0","4","0","60"
"EL50713","W713","Oil Filter","33","0","0","0","40"
"EL50717","W717","Oil Filter","34","0","0","0","40"
"EL50719","W719","Oil Filter","6","0","0","0","25"
"EL50721","HU721","Oil Filter","19","0","0","0","40"
"EL50724","W724","Oil Filter","16","0","0","0","40"
"EL50735","W735","Oil Filter","11","0","0","0","40"
"EL50752","W75/2","Oil Filter","5","0","0","0","25"
"EL50754","W75/4","Oil Filter","5","0","0","0","25"
"EL50773","W77/3","Oil Filter","387","63","6","3","100"
"EL50793","W79/3","Oil Filter","158","279","6","7","100"
"EL50811","W811","Oil Filter","18","0","6","0","60"
"EL50813","W813","Oil Filter","21","0","0","0","40"
"EL50815","W815X","Oil Filter","12","0","0","0","40"
"EL50830","W830","Oil Filter","40","0","0","0","40"
"EL50912","W912","Oil Filter","3","0","0","0","15"
"EL50913","W913","Oil Filter","20","0","0","0","40"
"EL50914","W914","Oil Filter","515","0","0","0","40"
"EL50916","WF916","Oil Filter","16","0","0","0","40"
"EL50917","WF917","Oil Filter","10","0","0","0","40"
"EL50919","WP919","Oil Filter","3","0","0","0","15"
"EL50920","WDV920","Oil Filter","51","0","0","0","40"
"EL50922","W922","Oil Filter","13","0","0","0","40"
"EL50923","W923","Oil Filter","2","0","0","0","15"
"EL50930","WF930","Oil Filter","17","0","0","0","40"
"EL50931","W931","Oil Filter","6","0","0","0","25"
"EL50936","W936","Oil Filter","22","0","0","0","40"
"EL50940","WA940","Oil Filter","148","0","0","0","40"
"EL50950","WDV950","Oil Filter","5","0","0","0","25"
"EL50954","W954","Oil Filter","17","0","6","0","60"
"EL50962","WDV962","Oil Filter","12","0","0","0","40"
"EL51021","WP11102/1","Oil Filter","116","0","6","0","60"
"EL51022","W11102/2","Oil Filter","216","49","12","3","100"
"EL51077","HU1077X","Oil Filter","15","0","4","0","60"
"EL51080","W610/80","Oil Filter","21","0","0","0","40"
"EL51081","W610/81","Oil Filter","21","0","0","0","40"
"EL51082","W610/82","Oil Filter","21","0","0","0","40"
"EL51083","W610/83","Oil Filter","21","0","0","0","40"
"EL51102","WV11102","Oil Filter","6","0","0","0","25"
"EL51120","W1120","Oil Filter","1","0","0","0","15"
"EL51127","W1127","Oil Filter","70","0","0","0","40"
"EL51151","HU711/51XM","Oil Filter","57","0","0","0","40"
"EL51152","WP1152","Oil Filter","3","0","6","0","35"
"EL51168","WP1168","Oil Filter","40","0","0","0","40"
"EL51180","W811/80IBAOYANG","Oil Filter","10","0","6","0","60"
"EL51181","W811/81X","Oil Filter","10","0","6","0","60"
"EL51184","W1184","Oil Filter","12","0","0","0","40"
"EL51210","W712(10)","Oil Filter","3","0","0","0","15"
"EL51211","W712/11X","Oil Filter","749","391","6","11","100"
"EL51212","W712/12","Oil Filter","749","391","6","11","100"
"EL51214","W712/14","Oil Filter","749","391","6","11","100"
"EL51218","W712/18","Oil Filter","749","391","6","11","100"
"EL51219","W712/19","Oil Filter","749","391","6","11","100"
"EL51222","W712/22X","Oil Filter","749","391","6","11","100"
"EL51223","W712/23","Oil Filter","749","391","6","11","100"
"EL51224","W712/24","Oil Filter","749","391","6","11","100"
"EL51226","W712/26","Oil Filter","749","391","6","11","100"
"EL51234","W712/34","Oil Filter","749","391","6","11","100"
"EL51235","W712/35","Oil Filter","749","391","6","11","100"
"EL51237","W712/37","Oil Filter","749","391","6","11","100"
"EL51239","W712/39","Oil Filter","749","391","6","11","100"
"EL51253","W712/53","Oil Filter","749","391","6","11","100"
"EL51260","W712/60","Oil Filter","749","391","6","11","100"
"EL51261","W1126/1","Oil Filter","1053","392","12","12","100"
"EL51262","W1126/2","Oil Filter","304","1","6","1","85"
"EL51265","W1126/5","Oil Filter","304","1","6","1","85"
"EL51273","W712/73M","Oil Filter","749","391","6","11","100"
"EL51275","W712/75M","Oil Filter","749","391","6","11","100"
"EL51281","W712/81","Oil Filter","749","391","6","11","100"
"EL51283","W712/83M","Oil Filter","749","391","6","11","100"
"EL51290","W712/90M","Oil Filter","749","391","6","11","100"
"EL51291","HU1291Z","Oil Filter","10","0","4","0","60"
"EL51292","W712/92M","Oil Filter","749","391","6","11","100"
"EL51294","W712/94M","Oil Filter","749","391","6","11","100"
"EL51313","W713/13","Oil Filter","33","0","0","0","40"
"EL51315","W713/15","Oil Filter","33","0","0","0","40"
"EL51316","W713/16X","Oil Filter","33","0","0","0","40"
"EL51322","W713/22","Oil Filter","33","0","0","0","40"
"EL51323","W713/23","Oil Filter","33","0","0","0","40"
"EL51372","W1372","Oil Filter","12","0","0","0","40"
"EL51374","W1374","Oil Filter","2","0","6","0","35"
"EL51381","HU1381","Oil Filter","12","0","0","0","40"
"EL51408","W1140/8","Oil Filter","239","60","6","5","100"
"EL51410","W1410","Oil Filter","14","0","0","0","40"
"EL51411","W914/11","Oil Filter","14","0","0","0","40"
"EL51412","W914/12","Oil Filter","14","0","0","0","40"
"EL51413","W914/13","Oil Filter","14","0","0","0","40"
"EL51414","W914/14","Oil Filter","14","0","0","0","40"
"EL51415","W914/15","Oil Filter","14","0","0","0","40"
"EL51417","W914/17","Oil Filter","14","0","0","0","40"
"EL51419","W914/19","Oil Filter","14","0","0","0","40"
"EL51420","W914/20","Oil Filter","14","0","0","0","40"
"EL51424","W914/24","Oil Filter","14","0","0","0","40"
"EL51456","WD13145/6","Oil Filter","215","0","6","0","60"
"EL51459","W13145/9","Oil Filter","8","0","0","0","25"
"EL51480","W914/80","Oil Filter","14","0","0","0","40"
"EL51510","W719/15(10)","Oil Filter","6","0","0","0","25"
"EL51580","W815/80X","Oil Filter","54","0","6","0","60"
"EL51603","W1160/3","Oil Filter","92","500","6","4","100"
"EL51604","W1160/4","Oil Filter","92","500","6","4","100"
"EL51701","W1170/1","Oil Filter","148","2","6","1","85"
"EL51702","W1170/2","Oil Filter","148","2","6","1","85"
"EL51710","W917(10)","Oil Filter","1","0","0","0","15"
"EL51780","W817/80","Oil Filter","7","0","0","0","25"
"EL51913","W719/13X","Oil Filter","6","0","0","0","25"
"EL51915","W719/15X","Oil Filter","6","0","0","0","25"
"EL51916","W719/16","Oil Filter","6","0","0","0","25"
"EL51919","W719/19","Oil Filter","6","0","0","0","25"
"EL51923","W719/23","Oil Filter","6","0","0","0","25"
"EL51924","W719/24","Oil Filter","6","0","0","0","25"
"EL51925","W719/25","Oil Filter","6","0","0","0","25"
"EL51926","W719/26","Oil Filter","6","0","0","0","25"
"EL51928","W719/28","Oil Filter","6","0","0","0","25"
"EL51932","W719/32","Oil Filter","6","0","0","0","25"
"EL51938","W719/38","Oil Filter","6","0","0","0","25"
"EL51940","W719/40","Oil Filter","6","0","0","0","25"
"EL51945","W719/45M","Oil Filter","6","0","0","0","25"
"EL51951","W719/51","Oil Filter","6","0","0","0","25"
"EL52005","HU12005","Oil Filter","6","0","0","0","25"
"EL52012","W920/12","Oil Filter","475","8","6","2","85"
"EL52013","W920/13","Oil Filter","475","8","6","2","85"
"EL52015","W920/15","Oil Filter","475","8","6","2","85"
"EL52016","W920/16","Oil Filter","475","8","6","2","85"
"EL52018","W920/18","Oil Filter","475","8","6","2","85"
"EL52019","W920/19","Oil Filter","475","8","6","2","85"
"EL52021","W920/21X","Oil Filter","475","8","6","2","85"
"EL52022","W920/22","Oil Filter","475","8","6","2","85"
"EL52025","W920/25","Oil Filter","475","8","6","2","85"
"EL52026","W920/26","Oil Filter","475","8","6","2","85"
"EL52036","W920/36","Oil Filter","475","8","6","2","85"
"EL52052","W12205/2","Oil Filter","32","0","6","0","60"
"EL52081","W920/81","Oil Filter","475","8","6","2","85"
"EL52105","HU12105","Oil Filter","3","0","1","0","35"
"EL52106","W12106","Oil Filter","8","0","0","0","25"
"EL52181","W921/81","Oil Filter","15","0","6","0","60"
"EL52309","WP12309","Oil Filter","3","0","0","0","15"
"EL52371","W1237/1X","Oil Filter","205","0","0","0","40"
"EL52510","W940/25(10)","Oil Filter","418","65","6","4","100"
"EL52602","W12602","Oil Filter","32","0","0","0","40"
"EL52610","W962/6(10)","Oil Filter","564","222","6","7","100"
"EL52810","W712/8(10)","Oil Filter","749","391","6","11","100"
"EL52941","W1294/1","Oil Filter","374","1","6","1","85"
"EL53001","WP12300/1","Oil Filter","243","20","6","3","100"
"EL53010","W719/30(10)","Oil Filter","6","0","0","0","25"
"EL53014","W930/14","Oil Filter","440","14","6","2","100"
"EL53019","W930/19","Oil Filter","440","14","6","2","100"
"EL53120","HU13120","Oil Filter","2","0","0","0","15"
"EL53125","WD13125","Oil Filter","353","0","0","0","40"
"EL53145","WDV13145","Oil Filter","5","0","0","0","25"
"EL53280","W932/80","Oil Filter","82","5","6","1","85"
"EL53410","W712/34(10)","Oil Filter","749","391","6","11","100"
"EL53741","W1374/1","Oil Filter","2","0","6","0","35"
"EL53747","WD1374/7","Oil Filter","22","0","6","0","60"
"EL54010","W940(10)","Oil Filter","136","0","0","0","40"
"EL54011","W940/11","Oil Filter","418","65","6","4","100"
"EL54012","W940/12","Oil Filter","418","65","6","4","100"
"EL54015","W940/15","Oil Filter","418","65","6","4","100"
"EL54016","W940/16","Oil Filter","418","65","6","4","100"
"EL54017","W940/17","Oil Filter","418","65","6","4","100"
"EL54022","W1140/22","Oil Filter","790","125","12","9","100"
"EL54023","W940/23","Oil Filter","551","65","6","4","100"
"EL54025","W940/25N","Oil Filter","418","65","6","4","100"
"EL54032","W940/32","Oil Filter","418","65","6","4","100"
"EL54048","W940/48","Oil Filter","418","65","6","4","100"
"EL54053","W1140/5/3","Oil Filter","239","60","6","5","100"
"EL54070","W940/70","Oil Filter","418","65","6","4","100"
"EL54310","W712/43(10)","Oil Filter","749","391","6","11","100"
"EL54510","W719/45(10)","Oil Filter","221","0","6","0","60"
"EL55015","W950/15","Oil Filter","214","61","6","1","100"
"EL55040","W950/40","Oil Filter","214","61","6","1","100"
"EL55042","W950/42","Oil Filter","214","61","6","1","100"
"EL55110","W940/51(10)","Oil Filter","418","65","6","4","100"
"EL56002","HU6002ZM","Oil Filter","34","0","0","0","40"
"EL56006","HU6006ZM","Oil Filter","69","0","0","0","40"
"EL56019","W6019M","Oil Filter","254","0","0","0","40"
"EL56109","W610/9M","Oil Filter","21","0","0","0","40"
"EL56110","W916/1(10)","Oil Filter","501","0","0","0","40"
"EL56211","WD962/11","Oil Filter","117","5","6","2","85"
"EL56212","WD962/12","Oil Filter","117","5","6","2","85"
"EL56213","W962/13","Oil Filter","564","222","6","7","100"
"EL56221","WD962/21","Oil Filter","117","5","6","2","85"
"EL56232","W962/32","Oil Filter","564","222","6","7","100"
"EL56271","W962/71","Oil Filter","564","222","6","7","100"
"EL56780","W67/80","Oil Filter","71","15","6","2","100"
"EL56781","W67/81","Oil Filter","71","15","6","2","100"
"EL57004","HU7004X","Oil Filter","48","0","2","0","60"
"EL57023","W7023M","Oil Filter","489","0","0","0","40"
"EL57052","HU7052Z","Oil Filter","2","0","0","0","15"
"EL57115","HU711/5X","Oil Filter","57","0","0","0","40"
"EL57121","W712/1","Oil Filter","1498","782","12","11","100"
"EL57122","W712/2","Oil Filter","1498","782","12","11","100"
"EL57123","W712/3","Oil Filter","749","391","6","11","100"
"EL57125","W712/5","Oil Filter","1498","782","12","11","100"
"EL57126","W712/6N","Oil Filter","749","391","6","11","100"
"EL57127","W712/7","Oil Filter","749","391","6","11","100"
"EL57131","W713/1","Oil Filter","33","0","0","0","40"
"EL57134","W713/4","Oil Filter","66","0","0","0","40"
"EL57135","W713/5","Oil Filter","66","0","0","0","40"
"EL57136","W713/6","Oil Filter","33","0","0","0","40"
"EL57171","W717/1","Oil Filter","28","0","0","0","40"
"EL57181","W718/1","Oil Filter","780","0","6","0","60"
"EL57191","W719/1X","Oil Filter","6","0","0","0","25"
"EL57195","W719/5N","Oil Filter","6","0","0","0","25"
"EL57196","W719/6","Oil Filter","6","0","0","0","25"
"EL57199","W719/9","Oil Filter","6","0","0","0","25"
"EL57217","HU721/7","Oil Filter","19","0","0","0","40"
"EL57241","W724/1X","Oil Filter","16","0","0","0","40"
"EL57242","W724/2","Oil Filter","16","0","0","0","40"
"EL57244","W724/4","Oil Filter","16","0","0","0","40"
"EL57245","W724/5","Oil Filter","16","0","0","0","40"
"EL57410","W1374/10","Oil Filter","2","0","6","0","35"
"EL58004","W8004","Oil Filter","18","0","0","0","40"
"EL58030","WH980/30","Oil Filter","32","6","0","2","65"
"EL58131","W813/1","Oil Filter","21","0","0","0","40"
"EL58136","W813/6","Oil Filter","21","0","0","0","40"
"EL58151","W815/1","Oil Filter","54","0","6","0","60"
"EL58153","W815/3X","Oil Filter","54","0","6","0","60"
"EL58154","W815/4","Oil Filter","54","0","6","0","60"
"EL58231","HU823/1X","Oil Filter","27","0","0","0","40"
"EL59002","WH9002","Oil Filter","6","8","0","1","50"
"EL59018","W9018","Oil Filter","8","0","0","0","25"
"EL59136","W913/6","Oil Filter","20","0","0","0","40"
"EL59142","W914/2N","Oil Filter","515","0","0","0","40"
"EL59143","W914/3","Oil Filter","14","0","0","0","40"
"EL59145","W914/5","Oil Filter","14","0","0","0","40"
"EL59146","W914/6","Oil Filter","28","0","0","0","40"
"EL59147","W914/7","Oil Filter","42","0","0","0","40"
"EL59148","W914/8","Oil Filter","28","0","0","0","40"
"EL59149","W914/9","Oil Filter","28","0","0","0","40"
"EL59161","W916/1X","Oil Filter","517","0","0","0","40"
"EL59201","W920/1","Oil Filter","475","8","6","2","85"
"EL59202","W920/2","Oil Filter","600","8","6","2","85"
"EL59203","W920/3","Oil Filter","950","16","12","2","100"
"EL59204","W920/4","Oil Filter","475","8","6","2","85"
"EL59205","W920/5","Oil Filter","475","8","6","2","85"
"EL59209","W920/9","Oil Filter","475","8","6","2","85"
"EL59210","W712/92(10)","Oil Filter","749","391","6","11","100"
"EL59221","W922/1","Oil Filter","13","0","0","0","40"
"EL59232","W923/2","Oil Filter","2","0","0","0","15"
"EL59235","W923/5","Oil Filter","2","0","0","0","15"
"EL59236","W923/6","Oil Filter","2","0","0","0","15"
"EL59238","WA923/8","Oil Filter","2","0","0","0","15"
"EL59301","W930/1","Oil Filter","440","14","6","2","100"
"EL59302","W930/2","Oil Filter","448","14","6","2","100"
"EL59303","WF930/3","Oil Filter","8","0","0","0","25"
"EL59304","W930/4","Oil Filter","440","14","6","2","100"
"EL59308","W930/8","Oil Filter","440","14","6","2","100"
"EL59363","W936/3","Oil Filter","22","0","0","0","40"
"EL59402","WDV940/2","Oil Filter","5","0","0","0","25"
"EL59403","WA940/3","Oil Filter","138","0","0","0","40"
"EL59405","WA940/5","Oil Filter","133","0","0","0","40"
"EL59406","WD940/6","Oil Filter","39","0","6","0","60"
"EL59407","W940/7","Oil Filter","836","130","12","4","100"
"EL59409","W940/9","Oil Filter","418","65","6","4","100"
"EL59501","WD950/1","Oil Filter","51","0","0","0","40"
"EL59510","W719/5(10)","Oil Filter","6","0","0","0","25"
"EL59511","W951/1","Oil Filter","20","0","6","0","60"
"EL59624","WD962/4","Oil Filter","117","5","6","2","85"
"EL59625","WD962/5","Oil Filter","117","5","6","2","85"
"EL59627","W962/7","Oil Filter","564","222","6","7","100"
