"elimfilters_sku","source_sku","reason"
"EA50005","C10005","Duplicate (4 instances collapsed to 1)"
"EA50006","C10006","Duplicate (3 instances collapsed to 1)"
"EA50007","C10007","Duplicate (2 instances collapsed to 1)"
"EA50010","C10010","Duplicate (4 instances collapsed to 1)"
"EA50011","C10011","Duplicate (2 instances collapsed to 1)"
"EA50014","C10014","Duplicate (2 instances collapsed to 1)"
"EA50015","C10015","Duplicate (2 instances collapsed to 1)"
"EA50016","C10016","Duplicate (2 instances collapsed to 1)"
"EA51014","C1014","Duplicate (4 instances collapsed to 1)"
"EA51015","C1015","Duplicate (3 instances collapsed to 1)"
"EA50431","C1043/1","Duplicate (2 instances collapsed to 1)"
"EA50105","C105","Duplicate (2 instances collapsed to 1)"
"EA51003","C11003","Duplicate (4 instances collapsed to 1)"
"EA51005","C11005","Duplicate (5 instances collapsed to 1)"
"EA51007","C11007","Duplicate (2 instances collapsed to 1)"
"EA51008","C11008","Duplicate (3 instances collapsed to 1)"
"EA51020","C11020","Duplicate (3 instances collapsed to 1)"
"EA51100","C11100","Duplicate (3 instances collapsed to 1)"
"EA51102","C11102","Duplicate (3 instances collapsed to 1)"
"EA51032","C11103/2","Duplicate (2 instances collapsed to 1)"
"EA51121","C1112/1","Duplicate (5 instances collapsed to 1)"
"EA51122","C1112/2","Duplicate (2 instances collapsed to 1)"
"EA51127","C1112/7","Duplicate (2 instances collapsed to 1)"
"EA51120","C11120","Duplicate (2 instances collapsed to 1)"
"EA51131","C1131","Duplicate (2 instances collapsed to 1)"
"EA51132","C1132","Duplicate (2 instances collapsed to 1)"
"EA51321","C1132/1","Duplicate (2 instances collapsed to 1)"
"EA51341","C1134/1","Duplicate (2 instances collapsed to 1)"
"EA51401","C1140/1","Duplicate (2 instances collapsed to 1)"
"EA51149","C1149","Duplicate (2 instances collapsed to 1)"
"EA51500","C11500","Duplicate (5 instances collapsed to 1)"
"EA51151","C1151","Duplicate (2 instances collapsed to 1)"
"EA50118","C118","Duplicate (2 instances collapsed to 1)"
"EA51184","C1184","Duplicate (2 instances collapsed to 1)"
"EA51185","C1185","Duplicate (2 instances collapsed to 1)"
"EA51188","C1188","Duplicate (2 instances collapsed to 1)"
"EA51196","C1196","Duplicate (2 instances collapsed to 1)"
"EA52003","C12003","Duplicate (3 instances collapsed to 1)"
"EA52004","C12004","Duplicate (3 instances collapsed to 1)"
"EA52006","C12006","Duplicate (2 instances collapsed to 1)"
"EA52007","C12007","Duplicate (4 instances collapsed to 1)"
"EA52009","C12009","Duplicate (2 instances collapsed to 1)"
"EA52011","C12011","Duplicate (3 instances collapsed to 1)"
"EA52013","C12013X","Duplicate (5 instances collapsed to 1)"
"EA52014","C12014","Duplicate (3 instances collapsed to 1)"
"EA52100","C12100","Duplicate (2 instances collapsed to 1)"
"EA52102","C12102","Duplicate (2 instances collapsed to 1)"
"EA52107","C12107","Duplicate (2 instances collapsed to 1)"
"EA51071","C12107/1","Duplicate (2 instances collapsed to 1)"
"EA51141","C12114/1","Duplicate (3 instances collapsed to 1)"
"EA51161","C12116/1","Duplicate (3 instances collapsed to 1)"
"EA52178","C12178","Duplicate (2 instances collapsed to 1)"
"EA51226","C1226","Duplicate (2 instances collapsed to 1)"
"EA51245","C1245","Duplicate (2 instances collapsed to 1)"
"EA51250","C1250","Duplicate (2 instances collapsed to 1)"
"EA53009","C13009","Duplicate (2 instances collapsed to 1)"
"EA51031","C13103/1","Duplicate (2 instances collapsed to 1)"
"EA53109","C13109","Duplicate (2 instances collapsed to 1)"
"EA51143","C13114/3","Duplicate (3 instances collapsed to 1)"
"EA51144","C13114/4","Duplicate (2 instances collapsed to 1)"
"EA53145","C13145","Duplicate (2 instances collapsed to 1)"
"EA53154","C13154","Duplicate (2 instances collapsed to 1)"
"EA51320","C1320","Duplicate (2 instances collapsed to 1)"
"EA51338","C1338","Duplicate (2 instances collapsed to 1)"
"EA53383","C1338/3","Duplicate (2 instances collapsed to 1)"
"EA51342","C1342","Duplicate (3 instances collapsed to 1)"
"EA51343","C1343","Duplicate (2 instances collapsed to 1)"
"EA51361","C1361","Duplicate (4 instances collapsed to 1)"
"EA51362","C1362","Duplicate (2 instances collapsed to 1)"
"EA51371","C1371","Duplicate (3 instances collapsed to 1)"
"EA53742","C1374/2","Duplicate (2 instances collapsed to 1)"
"EA51381","C1381","Duplicate (6 instances collapsed to 1)"
"EA51387","C1387","Duplicate (2 instances collapsed to 1)"
"EA53993","C1399/3","Duplicate (2 instances collapsed to 1)"
"EA54004","C14004","Duplicate (2 instances collapsed to 1)"
"EA54006","C14006","Duplicate (2 instances collapsed to 1)"
"EA54010","C14010","Duplicate (2 instances collapsed to 1)"
"EA54011","C14011","Duplicate (2 instances collapsed to 1)"
"EA54012","C14012","Duplicate (3 instances collapsed to 1)"
"EA54013","C14013","Duplicate (2 instances collapsed to 1)"
"EA54101","C14101","Duplicate (2 instances collapsed to 1)"
"EA54113","C14113","Duplicate (2 instances collapsed to 1)"
"EA54123","C14123","Duplicate (2 instances collapsed to 1)"
"EA54130","C14130","Duplicate (2 instances collapsed to 1)"
"EA51301","C14130/1","Duplicate (2 instances collapsed to 1)"
"EA54140","C14140","Duplicate (2 instances collapsed to 1)"
"EA51415","C1415","Duplicate (2 instances collapsed to 1)"
"EA54150","C14150","Duplicate (2 instances collapsed to 1)"
"EA54160","C14160","Duplicate (2 instances collapsed to 1)"
"EA54179","C14179","Duplicate (2 instances collapsed to 1)"
"EA51792","C14179/2","Duplicate (2 instances collapsed to 1)"
"EA51794","C14179/4","Duplicate (2 instances collapsed to 1)"
"EA54190","C14190","Duplicate (2 instances collapsed to 1)"
"EA51901","C14190/1","Duplicate (2 instances collapsed to 1)"
"EA54200","C14200","Duplicate (2 instances collapsed to 1)"
"EA52001","C14200/1","Duplicate (4 instances collapsed to 1)"
"EA52002","C14200/2","Duplicate (2 instances collapsed to 1)"
"EA52021","C14202/1","Duplicate (4 instances collapsed to 1)"
"EA51440","C1440","Duplicate (2 instances collapsed to 1)"
"EA54401","C1440/1","Duplicate (3 instances collapsed to 1)"
"EA51460","C1460","Duplicate (3 instances collapsed to 1)"
"EA51465","C1465","Duplicate (2 instances collapsed to 1)"
"EA54681","C1468/1","Duplicate (2 instances collapsed to 1)"
"EA51476","C1476","Duplicate (2 instances collapsed to 1)"
"EA55005","C15005","Duplicate (3 instances collapsed to 1)"
"EA55007","C15007","Duplicate (3 instances collapsed to 1)"
"EA55008","C15008","Duplicate (3 instances collapsed to 1)"
"EA55010","C15010","Duplicate (3 instances collapsed to 1)"
"EA55011","C15011","Duplicate (3 instances collapsed to 1)"
"EA55015","C15015","Duplicate (4 instances collapsed to 1)"
"EA55020","C15020","Duplicate (2 instances collapsed to 1)"
"EA55100","C15100","Duplicate (2 instances collapsed to 1)"
"EA55101","C15101","Duplicate (3 instances collapsed to 1)"
"EA51021","C15102/1","Duplicate (2 instances collapsed to 1)"
"EA55104","C15104","Duplicate (2 instances collapsed to 1)"
"EA51051","C15105/1","Duplicate (2 instances collapsed to 1)"
"EA51202","C15120/2","Duplicate (2 instances collapsed to 1)"
"EA55122","C15122","Duplicate (2 instances collapsed to 1)"
"EA55124","C15124","Duplicate (3 instances collapsed to 1)"
"EA51241","C15124/1","Duplicate (3 instances collapsed to 1)"
"EA55127","C15127","Duplicate (2 instances collapsed to 1)"
"EA51431","C15143/1","Duplicate (2 instances collapsed to 1)"
"EA51631","C15163/1","Duplicate (3 instances collapsed to 1)"
"EA51653","C15165/3","Duplicate (2 instances collapsed to 1)"
"EA55200","C15200","Duplicate (2 instances collapsed to 1)"
"EA51530","C1530","Duplicate (2 instances collapsed to 1)"
"EA50071","C153007/1","Duplicate (5 instances collapsed to 1)"
"EA51532","C1532","Duplicate (2 instances collapsed to 1)"
"EA51537","C1537","Duplicate (2 instances collapsed to 1)"
"EA55403","C1540/3","Duplicate (2 instances collapsed to 1)"
"EA55521","C1552/1","Duplicate (2 instances collapsed to 1)"
"EA56001","C16001","Duplicate (4 instances collapsed to 1)"
"EA56005","C16005","Duplicate (5 instances collapsed to 1)"
"EA56006","C16006","Duplicate (6 instances collapsed to 1)"
"EA56007","C16007","Duplicate (4 instances collapsed to 1)"
"EA56012","C16012","Duplicate (2 instances collapsed to 1)"
"EA56013","C16013","Duplicate (3 instances collapsed to 1)"
"EA56014","C16014","Duplicate (3 instances collapsed to 1)"
"EA56015","C16015","Duplicate (2 instances collapsed to 1)"
"EA56018","C16018","Duplicate (2 instances collapsed to 1)"
"EA56025","C16025","Duplicate (2 instances collapsed to 1)"
"EA56100","C16100","Duplicate (2 instances collapsed to 1)"
"EA56110","C16110","Duplicate (2 instances collapsed to 1)"
"EA51142","C16114/2X","Duplicate (2 instances collapsed to 1)"
"EA56118","C16118","Duplicate (2 instances collapsed to 1)"
"EA56133","C16133","Duplicate (2 instances collapsed to 1)"
"EA56140","C16140","Duplicate (2 instances collapsed to 1)"
"EA56150","C16150","Duplicate (2 instances collapsed to 1)"
"EA52471","C16247/1","Duplicate (2 instances collapsed to 1)"
"EA56302","C16302","Duplicate (3 instances collapsed to 1)"
"EA51632","C1632","Duplicate (3 instances collapsed to 1)"
"EA56340","C16340","Duplicate (2 instances collapsed to 1)"
"EA56501","C16501","Duplicate (2 instances collapsed to 1)"
"EA57004","C17004","Duplicate (3 instances collapsed to 1)"
"EA57006","C17006","Duplicate (4 instances collapsed to 1)"
"EA57008","C17008","Duplicate (4 instances collapsed to 1)"
"EA57009","C17009","Duplicate (4 instances collapsed to 1)"
"EA57010","C17010","Duplicate (2 instances collapsed to 1)"
"EA57011","C17011","Duplicate (2 instances collapsed to 1)"
"EA50121","C17012/1","Duplicate (2 instances collapsed to 1)"
"EA57013","C17013","Duplicate (2 instances collapsed to 1)"
"EA57014","C17014","Duplicate (2 instances collapsed to 1)"
"EA57016","C17016","Duplicate (2 instances collapsed to 1)"
"EA57017","C17017","Duplicate (2 instances collapsed to 1)"
"EA57023","C17023","Duplicate (2 instances collapsed to 1)"
"EA57040","C17040","Duplicate (2 instances collapsed to 1)"
"EA57100","C17100","Duplicate (3 instances collapsed to 1)"
"EA57124","C17124","Duplicate (2 instances collapsed to 1)"
"EA57125","C17125","Duplicate (2 instances collapsed to 1)"
"EA57127","C17127","Duplicate (2 instances collapsed to 1)"
"EA57129","C17129","Duplicate (2 instances collapsed to 1)"
"EA57160","C17160","Duplicate (2 instances collapsed to 1)"
"EA57161","C17161","Duplicate (3 instances collapsed to 1)"
"EA57192","C17192","Duplicate (2 instances collapsed to 1)"
"EA51752","C1752","Duplicate (2 instances collapsed to 1)"
"EA51776","C1776","Duplicate (2 instances collapsed to 1)"
"EA58003","C18003","Duplicate (3 instances collapsed to 1)"
"EA58004","C18004","Duplicate (5 instances collapsed to 1)"
"EA58006","C18006","Duplicate (2 instances collapsed to 1)"
"EA58008","C18008","Duplicate (2 instances collapsed to 1)"
"EA58009","C18009X","Duplicate (2 instances collapsed to 1)"
"EA58023","C18023","Duplicate (2 instances collapsed to 1)"
"EA58028","C18028","Duplicate (2 instances collapsed to 1)"
"EA58037","C18037","Duplicate (2 instances collapsed to 1)"
"EA51461","C18146/1","Duplicate (2 instances collapsed to 1)"
"EA51491","C18149/1","Duplicate (2 instances collapsed to 1)"
"EA58161","C18161","Duplicate (3 instances collapsed to 1)"
"EA51820","C1820","Duplicate (3 instances collapsed to 1)"
"EA52184","C182184","Duplicate (2 instances collapsed to 1)"
"EA51827","C1827","Duplicate (2 instances collapsed to 1)"
"EA51829","C1829","Duplicate (2 instances collapsed to 1)"
"EA58331","C1833/1","Duplicate (2 instances collapsed to 1)"
"EA54361","C18436/1X","Duplicate (2 instances collapsed to 1)"
"EA51891","C1891","Duplicate (3 instances collapsed to 1)"
"EA59005","C19005","Duplicate (2 instances collapsed to 1)"
"EA59006","C19006","Duplicate (3 instances collapsed to 1)"
"EA59008","C19008","Duplicate (2 instances collapsed to 1)"
"EA59010","C19010","Duplicate (4 instances collapsed to 1)"
"EA59015","C19015","Duplicate (2 instances collapsed to 1)"
"EA59105","C19105","Duplicate (2 instances collapsed to 1)"
"EA59130","C19130","Duplicate (2 instances collapsed to 1)"
"EA59150","C19150","Duplicate (2 instances collapsed to 1)"
"EA51930","C1930","Duplicate (2 instances collapsed to 1)"
"EA51936","C1936","Duplicate (2 instances collapsed to 1)"
"EA51980","C1980","Duplicate (2 instances collapsed to 1)"
"EA50002","C20002","Duplicate (3 instances collapsed to 1)"
"EA50003","C20003","Duplicate (3 instances collapsed to 1)"
"EA50017","C20017","Duplicate (2 instances collapsed to 1)"
"EA50024","C20024","Duplicate (2 instances collapsed to 1)"
"EA50027","C20027","Duplicate (2 instances collapsed to 1)"
"EA50028","C20028","Duplicate (2 instances collapsed to 1)"
"EA50033","C20033","Duplicate (2 instances collapsed to 1)"
"EA50043","C20043","Duplicate (2 instances collapsed to 1)"
"EA50161","C20161","Duplicate (2 instances collapsed to 1)"
"EA50189","C20189","Duplicate (2 instances collapsed to 1)"
"EA52029","C2029","Duplicate (2 instances collapsed to 1)"
"EA53201","C20320/1","Duplicate (2 instances collapsed to 1)"
"EA52039","C2039","Duplicate (2 instances collapsed to 1)"
"EA52050","C2050","Duplicate (2 instances collapsed to 1)"
"EA50500","C20500","Duplicate (2 instances collapsed to 1)"
"EA50551","C2055/1","Duplicate (3 instances collapsed to 1)"
"EA51001","C21001","Duplicate (6 instances collapsed to 1)"
"EA51002","C21002","Duplicate (4 instances collapsed to 1)"
"EA51011","C21011","Duplicate (3 instances collapsed to 1)"
"EA51012","C21012","Duplicate (3 instances collapsed to 1)"
"EA51017","C21017","Duplicate (2 instances collapsed to 1)"
"EA51038","C21038","Duplicate (2 instances collapsed to 1)"
"EA51104","C21104","Duplicate (2 instances collapsed to 1)"
"EA51110","C21110","Duplicate (2 instances collapsed to 1)"
"EA51116","C21116","Duplicate (4 instances collapsed to 1)"
"EA52119","C2119","Duplicate (2 instances collapsed to 1)"
"EA52120","C2120","Duplicate (3 instances collapsed to 1)"
"EA51201","C2120/1","Duplicate (2 instances collapsed to 1)"
"EA52129","C2129","Duplicate (2 instances collapsed to 1)"
"EA52154","C2154","Duplicate (2 instances collapsed to 1)"
"EA51630","C21630","Duplicate (2 instances collapsed to 1)"
"EA56301","C21630/1","Duplicate (2 instances collapsed to 1)"
"EA52192","C2192","Duplicate (2 instances collapsed to 1)"
"EA52015","C22015","Duplicate (2 instances collapsed to 1)"
"EA52017","C22017","Duplicate (2 instances collapsed to 1)"
"EA52024","C22024","Duplicate (2 instances collapsed to 1)"
"EA52026","C22026","Duplicate (2 instances collapsed to 1)"
"EA52032","C22032","Duplicate (2 instances collapsed to 1)"
"EA50331","C22033/1","Duplicate (2 instances collapsed to 1)"
"EA51172","C22117/2","Duplicate (2 instances collapsed to 1)"
"EA52212","C2212","Duplicate (2 instances collapsed to 1)"
"EA52331","C2233/1","Duplicate (2 instances collapsed to 1)"
"EA52337","C22337","Duplicate (3 instances collapsed to 1)"
"EA52341","C2234/1","Duplicate (2 instances collapsed to 1)"
"EA52431","C2243/1","Duplicate (2 instances collapsed to 1)"
"EA52526","C22526","Duplicate (2 instances collapsed to 1)"
"EA52561","C2256/1","Duplicate (3 instances collapsed to 1)"
"EA52562","C2256/2","Duplicate (3 instances collapsed to 1)"
"EA52580","C22580","Duplicate (2 instances collapsed to 1)"
"EA52631","C2263/1","Duplicate (3 instances collapsed to 1)"
"EA52952","C2295/2","Duplicate (2 instances collapsed to 1)"
"EA53004","C23004","Duplicate (3 instances collapsed to 1)"
"EA53005","C23005","Duplicate (3 instances collapsed to 1)"
"EA53006","C23006","Duplicate (3 instances collapsed to 1)"
"EA53012","C23012","Duplicate (2 instances collapsed to 1)"
"EA53013","C23013","Duplicate (2 instances collapsed to 1)"
"EA53018","C23018","Duplicate (2 instances collapsed to 1)"
"EA53033","C23033","Duplicate (2 instances collapsed to 1)"
"EA53091","C23091","Duplicate (2 instances collapsed to 1)"
"EA53220","C23220","Duplicate (3 instances collapsed to 1)"
"EA52335","C2335","Duplicate (2 instances collapsed to 1)"
"EA52345","C2345","Duplicate (2 instances collapsed to 1)"
"EA53451","C2345/1","Duplicate (2 instances collapsed to 1)"
"EA56321","C23632/1","Duplicate (2 instances collapsed to 1)"
"EA53690","C23690","Duplicate (2 instances collapsed to 1)"
"EA54002","C24002X","Duplicate (3 instances collapsed to 1)"
"EA54003","C24003","Duplicate (4 instances collapsed to 1)"
"EA54005","C24005","Duplicate (2 instances collapsed to 1)"
"EA54017","C24017","Duplicate (2 instances collapsed to 1)"
"EA54019","C24019","Duplicate (2 instances collapsed to 1)"
"EA54021","C24021","Duplicate (2 instances collapsed to 1)"
"EA54024","C24024","Duplicate (2 instances collapsed to 1)"
"EA54026","C24026","Duplicate (2 instances collapsed to 1)"
"EA50511","C24051/1","Duplicate (2 instances collapsed to 1)"
"EA54054","C24054","Duplicate (2 instances collapsed to 1)"
"EA54057","C24057","Duplicate (2 instances collapsed to 1)"
"EA54100","C24100","Duplicate (3 instances collapsed to 1)"
"EA54104","C24104","Duplicate (2 instances collapsed to 1)"
"EA54105","C24105","Duplicate (2 instances collapsed to 1)"
"EA54110","C24110","Duplicate (2 instances collapsed to 1)"
"EA54120","C24120","Duplicate (2 instances collapsed to 1)"
"EA51231","C24123/1","Duplicate (3 instances collapsed to 1)"
"EA54165","C24165","Duplicate (2 instances collapsed to 1)"
"EA52436","C2436","Duplicate (2 instances collapsed to 1)"
"EA52440","C2440","Duplicate (2 instances collapsed to 1)"
"EA54430","C24430","Duplicate (2 instances collapsed to 1)"
"EA55532","C24553/2","Duplicate (2 instances collapsed to 1)"
"EA57001","C24700/1","Duplicate (4 instances collapsed to 1)"
"EA54824","C24824","Duplicate (2 instances collapsed to 1)"
"EA54851","C2485/1","Duplicate (2 instances collapsed to 1)"
"EA54852","C2485/2","Duplicate (2 instances collapsed to 1)"
"EA59041","C24904/1","Duplicate (2 instances collapsed to 1)"
"EA55002","C25002","Duplicate (2 instances collapsed to 1)"
"EA55003","C25003","Duplicate (4 instances collapsed to 1)"
"EA55004","C25004","Duplicate (5 instances collapsed to 1)"
"EA55006","C25006","Duplicate (2 instances collapsed to 1)"
"EA55009","C25009","Duplicate (2 instances collapsed to 1)"
"EA55014","C25014","Duplicate (2 instances collapsed to 1)"
"EA55021","C25021","Duplicate (2 instances collapsed to 1)"
"EA51091","C25109/1","Duplicate (2 instances collapsed to 1)"
"EA55111","C25111","Duplicate (2 instances collapsed to 1)"
"EA55118","C25118","Duplicate (2 instances collapsed to 1)"
"EA55126","C25126","Duplicate (2 instances collapsed to 1)"
"EA55150","C25150","Duplicate (2 instances collapsed to 1)"
"EA52559","C2559","Duplicate (2 instances collapsed to 1)"
"EA57103","C25710/3","Duplicate (2 instances collapsed to 1)"
"EA57301","C25730/1","Duplicate (2 instances collapsed to 1)"
"EA58601","C25860/1","Duplicate (2 instances collapsed to 1)"
"EA58603","C25860/3","Duplicate (2 instances collapsed to 1)"
"EA56003","C26003","Duplicate (3 instances collapsed to 1)"
"EA56008","C26008","Duplicate (3 instances collapsed to 1)"
"EA56010","C26010","Duplicate (5 instances collapsed to 1)"
"EA56021","C26021","Duplicate (2 instances collapsed to 1)"
"EA56023","C26023","Duplicate (2 instances collapsed to 1)"
"EA56024","C26024","Duplicate (2 instances collapsed to 1)"
"EA56028","C26028","Duplicate (2 instances collapsed to 1)"
"EA56031","C26031X","Duplicate (2 instances collapsed to 1)"
"EA52610","C2610","Duplicate (2 instances collapsed to 1)"
"EA51101","C26110/1","Duplicate (2 instances collapsed to 1)"
"EA56111","C26111","Duplicate (3 instances collapsed to 1)"
"EA51220","C261220","Duplicate (3 instances collapsed to 1)"
"EA51397","C261397","Duplicate (2 instances collapsed to 1)"
"EA56168","C26168","Duplicate (2 instances collapsed to 1)"
"EA52620","C2620","Duplicate (2 instances collapsed to 1)"
"EA52652","C2652","Duplicate (2 instances collapsed to 1)"
"EA57002","C27002","Duplicate (2 instances collapsed to 1)"
"EA57003","C27003","Duplicate (3 instances collapsed to 1)"
"EA50031","C27003/1","Duplicate (3 instances collapsed to 1)"
"EA57031","C27031","Duplicate (2 instances collapsed to 1)"
"EA57107","C27107","Duplicate (2 instances collapsed to 1)"
"EA57114","C27114","Duplicate (2 instances collapsed to 1)"
"EA51170","C271170","Duplicate (3 instances collapsed to 1)"
"EA57119","C27119","Duplicate (2 instances collapsed to 1)"
"EA51390","C271390","Duplicate (2 instances collapsed to 1)"
"EA51541","C27154/1","Duplicate (3 instances collapsed to 1)"
"EA57181","C27181","Duplicate (2 instances collapsed to 1)"
"EA51921","C27192/1","Duplicate (2 instances collapsed to 1)"
"EA52720","C2720","Duplicate (2 instances collapsed to 1)"
"EA52733","C2733","Duplicate (2 instances collapsed to 1)"
"EA52742","C2742","Duplicate (2 instances collapsed to 1)"
"EA52743","C2743","Duplicate (2 instances collapsed to 1)"
"EA52747","C2747","Duplicate (3 instances collapsed to 1)"
"EA59985","C27998/5","Duplicate (3 instances collapsed to 1)"
"EA58005","C28005","Duplicate (2 instances collapsed to 1)"
"EA58010","C28010","Duplicate (3 instances collapsed to 1)"
"EA58011","C28011","Duplicate (3 instances collapsed to 1)"
"EA58013","C28013","Duplicate (2 instances collapsed to 1)"
"EA58043","C28043","Duplicate (2 instances collapsed to 1)"
"EA58100","C28100","Duplicate (2 instances collapsed to 1)"
"EA58103","C28103","Duplicate (2 instances collapsed to 1)"
"EA50452","C281045/2","Duplicate (2 instances collapsed to 1)"
"EA51238","C281238","Duplicate (2 instances collapsed to 1)"
"EA51251","C28125/1","Duplicate (2 instances collapsed to 1)"
"EA51300","C281300","Duplicate (2 instances collapsed to 1)"
"EA53002","C281300/2","Duplicate (2 instances collapsed to 1)"
"EA58145","C28145","Duplicate (2 instances collapsed to 1)"
"EA51601","C28160/1","Duplicate (4 instances collapsed to 1)"
"EA58162","C28162","Duplicate (2 instances collapsed to 1)"
"EA52141","C28214/1","Duplicate (2 instances collapsed to 1)"
"EA52841","C2841","Duplicate (3 instances collapsed to 1)"
"EA52872","C2872","Duplicate (2 instances collapsed to 1)"
"EA58950","C28950","Duplicate (2 instances collapsed to 1)"
"EA58960","C28960","Duplicate (2 instances collapsed to 1)"
"EA59002","C29002","Duplicate (5 instances collapsed to 1)"
"EA59021","C29021","Duplicate (2 instances collapsed to 1)"
"EA50321","C291032/1","Duplicate (2 instances collapsed to 1)"
"EA51055","C291055","Duplicate (2 instances collapsed to 1)"
"EA59108","C29108","Duplicate (2 instances collapsed to 1)"
"EA52191","C291219/1","Duplicate (2 instances collapsed to 1)"
"EA51261","C29126/1","Duplicate (2 instances collapsed to 1)"
"EA51410","C291410","Duplicate (2 instances collapsed to 1)"
"EA54202","C291420/2","Duplicate (2 instances collapsed to 1)"
"EA52982","C2982","Duplicate (2 instances collapsed to 1)"
"EA50012","C30012","Duplicate (3 instances collapsed to 1)"
"EA50013","C30013","Duplicate (2 instances collapsed to 1)"
"EA50035","C30035","Duplicate (2 instances collapsed to 1)"
"EA51254","C30125/4","Duplicate (2 instances collapsed to 1)"
"EA51345","C301345","Duplicate (2 instances collapsed to 1)"
"EA55001","C301500/1","Duplicate (6 instances collapsed to 1)"
"EA51531","C30153/1","Duplicate (2 instances collapsed to 1)"
"EA50163","C30163","Duplicate (2 instances collapsed to 1)"
"EA50171","C30171","Duplicate (2 instances collapsed to 1)"
"EA50323","C3032/3","Duplicate (2 instances collapsed to 1)"
"EA54001","C30400/1","Duplicate (2 instances collapsed to 1)"
"EA50421","C3042/1","Duplicate (2 instances collapsed to 1)"
"EA53054","C3054","Duplicate (2 instances collapsed to 1)"
"EA50630","C30630","Duplicate (2 instances collapsed to 1)"
"EA50825","C3082/5","Duplicate (2 instances collapsed to 1)"
"EA50901","C3090/1","Duplicate (2 instances collapsed to 1)"
"EA50931","C3093/1","Duplicate (2 instances collapsed to 1)"
"EA51027","C31027","Duplicate (2 instances collapsed to 1)"
"EA51195","C311195","Duplicate (2 instances collapsed to 1)"
"EA51123","C31123","Duplicate (2 instances collapsed to 1)"
"EA51130","C31130","Duplicate (3 instances collapsed to 1)"
"EA51900","C311900","Duplicate (2 instances collapsed to 1)"
"EA53132","C3132","Duplicate (2 instances collapsed to 1)"
"EA51700","C31700","Duplicate (2 instances collapsed to 1)"
"EA52008","C32008","Duplicate (2 instances collapsed to 1)"
"EA52043","C32043","Duplicate (2 instances collapsed to 1)"
"EA53210","C3210","Duplicate (2 instances collapsed to 1)"
"EA53381","C32338/1","Duplicate (2 instances collapsed to 1)"
"EA52842","C3284/2","Duplicate (2 instances collapsed to 1)"
"EA53102","C33102","Duplicate (2 instances collapsed to 1)"
"EA54651","C331465/1","Duplicate (2 instances collapsed to 1)"
"EA56002","C331600/2","Duplicate (2 instances collapsed to 1)"
"EA58401","C331840/1","Duplicate (2 instances collapsed to 1)"
"EA53280","C33280","Duplicate (3 instances collapsed to 1)"
"EA53300","C33300","Duplicate (2 instances collapsed to 1)"
"EA53530","C33530","Duplicate (2 instances collapsed to 1)"
"EA53540","C33540","Duplicate (3 instances collapsed to 1)"
"EA50051","C34005/1","Duplicate (3 instances collapsed to 1)"
"EA54360","C34360","Duplicate (2 instances collapsed to 1)"
"EA53461","C3461","Duplicate (2 instances collapsed to 1)"
"EA55012","C35012","Duplicate (2 instances collapsed to 1)"
"EA55177","C35177","Duplicate (2 instances collapsed to 1)"
"EA53569","C3569","Duplicate (2 instances collapsed to 1)"
"EA56009","C36009","Duplicate (3 instances collapsed to 1)"
"EA53689","C3689","Duplicate (2 instances collapsed to 1)"
"EA57005","C37005","Duplicate (2 instances collapsed to 1)"
"EA58001","C38001","Duplicate (3 instances collapsed to 1)"
"EA58002","C38002","Duplicate (2 instances collapsed to 1)"
"EA59001","C39001","Duplicate (3 instances collapsed to 1)"
"EA50001","C40001","Duplicate (4 instances collapsed to 1)"
"EA53139","C43139","Duplicate (2 instances collapsed to 1)"
"EA53265","C453265","Duplicate (2 instances collapsed to 1)"
"EA50041","C50004/1","Duplicate (3 instances collapsed to 1)"
"EA50821","C5082/1","Duplicate (2 instances collapsed to 1)"
"EA50148","C60148","Duplicate (2 instances collapsed to 1)"
"EA59004","C9004","Duplicate (2 instances collapsed to 1)"
"EA59007","C9007","Duplicate (2 instances collapsed to 1)"
"EA50934","C934","Duplicate (2 instances collapsed to 1)"
"EC57001","CF07001","Duplicate (9 instances collapsed to 1)"
"EC50100","CF100","Duplicate (2 instances collapsed to 1)"
"EC50001","CF10001","Duplicate (8 instances collapsed to 1)"
"EC50002","CF10002","Duplicate (3 instances collapsed to 1)"
"EC50006","CF10006","Duplicate (3 instances collapsed to 1)"
"EC50010","CF10010","Duplicate (3 instances collapsed to 1)"
"EC50011","CF10011","Duplicate (2 instances collapsed to 1)"
"EC50013","CF10013","Duplicate (2 instances collapsed to 1)"
"EC51005","CF1005","Duplicate (3 instances collapsed to 1)"
"EC51004","CF11004","Duplicate (4 instances collapsed to 1)"
"EC51006","CF11006","Duplicate (3 instances collapsed to 1)"
"EC51010","CF11010","Duplicate (2 instances collapsed to 1)"
"EC52004","CF12004","Duplicate (3 instances collapsed to 1)"
"EC52008","CF12008","Duplicate (4 instances collapsed to 1)"
"EC53003","CF13003","Duplicate (4 instances collapsed to 1)"
"EC53007","CF13007","Duplicate (4 instances collapsed to 1)"
"EC51313","CF1313","Duplicate (2 instances collapsed to 1)"
"EC54002","CF14002","Duplicate (3 instances collapsed to 1)"
"EC54005","CF14005","Duplicate (2 instances collapsed to 1)"
"EC54007","CF14007X","Duplicate (5 instances collapsed to 1)"
"EC54008","CF14008","Duplicate (3 instances collapsed to 1)"
"EC54011","CF14011","Duplicate (2 instances collapsed to 1)"
"EC54013","CF14013","Duplicate (3 instances collapsed to 1)"
"EC54014","CF14014","Duplicate (2 instances collapsed to 1)"
"EC55001","CF1500/1","Duplicate (8 instances collapsed to 1)"
"EC56001","CF16001","Duplicate (6 instances collapsed to 1)"
"EC56002","CF16002","Duplicate (6 instances collapsed to 1)"
"EC56004","CF16004","Duplicate (4 instances collapsed to 1)"
"EC56007","CF16007","Duplicate (2 instances collapsed to 1)"
"EC56009","CF16009","Duplicate (3 instances collapsed to 1)"
"EC51620","CF1620","Duplicate (2 instances collapsed to 1)"
"EC56219","CF16219","Duplicate (2 instances collapsed to 1)"
"EC57006","CF17006","Duplicate (2 instances collapsed to 1)"
"EC57007","CF17007","Duplicate (3 instances collapsed to 1)"
"EC57014","CF17014","Duplicate (2 instances collapsed to 1)"
"EC58005","CF18005","Duplicate (2 instances collapsed to 1)"
"EC51830","CF1830","Duplicate (3 instances collapsed to 1)"
"EC59002","CF19002","Duplicate (6 instances collapsed to 1)"
"EC59003","CF19003","Duplicate (4 instances collapsed to 1)"
"EC59006","CF19006X","Duplicate (2 instances collapsed to 1)"
"EC59009","CF19009","Duplicate (2 instances collapsed to 1)"
"EC52006","CF2006","Duplicate (2 instances collapsed to 1)"
"EC52100","CF2100","Duplicate (2 instances collapsed to 1)"
"EC51001","CF2100/1","Duplicate (6 instances collapsed to 1)"
"EC51002","CF21002","Duplicate (2 instances collapsed to 1)"
"EC51003","CF21003","Duplicate (6 instances collapsed to 1)"
"EC53001","CF23001","Duplicate (5 instances collapsed to 1)"
"EC54001","CF24001","Duplicate (4 instances collapsed to 1)"
"EC52530","CF2530","Duplicate (2 instances collapsed to 1)"
"EC52550","CF2550","Duplicate (2 instances collapsed to 1)"
"EC52631","CF2631","Duplicate (2 instances collapsed to 1)"
"EC53240","CF3240","Duplicate (3 instances collapsed to 1)"
"EC55002","CF5002","Duplicate (6 instances collapsed to 1)"
"EC56003","CF6003","Duplicate (6 instances collapsed to 1)"
"EC50710","CF710","Duplicate (2 instances collapsed to 1)"
"EC50751","CF75/1","Duplicate (2 instances collapsed to 1)"
"EC58002","CF8002","Duplicate (4 instances collapsed to 1)"
"EC50084","CF84","Duplicate (2 instances collapsed to 1)"
"EC59007","CF9007","Duplicate (3 instances collapsed to 1)"
"EC51009","CU1009","Duplicate (2 instances collapsed to 1)"
"EC58001","CU108001","Duplicate (6 instances collapsed to 1)"
"EC52001","CU12001","Duplicate (5 instances collapsed to 1)"
"EC50037","CU1550037","Duplicate (2 instances collapsed to 1)"
"EC56012","CU16012","Duplicate (2 instances collapsed to 1)"
"EC51629","CU1629","Duplicate (2 instances collapsed to 1)"
"EC57003","CU17003","Duplicate (4 instances collapsed to 1)"
"EC51721","CU1721","Duplicate (3 instances collapsed to 1)"
"EC58009","CU18009","Duplicate (4 instances collapsed to 1)"
"EC51827","CU1827","Duplicate (2 instances collapsed to 1)"
"EC51828","CU1828","Duplicate (3 instances collapsed to 1)"
"EC51829","CU1829","Duplicate (2 instances collapsed to 1)"
"EC59001","CU19001","Duplicate (5 instances collapsed to 1)"
"EC59004","CU19004","Duplicate (5 instances collapsed to 1)"
"EC59005","CU19005","Duplicate (4 instances collapsed to 1)"
"EC51919","CU1919","Duplicate (3 instances collapsed to 1)"
"EC51936","CU1936","Duplicate (2 instances collapsed to 1)"
"EC50018","CU20018","Duplicate (4 instances collapsed to 1)"
"EC52012","CU2012","Duplicate (3 instances collapsed to 1)"
"EC52026","CU2026","Duplicate (3 instances collapsed to 1)"
"EC52028","CU2028","Duplicate (2 instances collapsed to 1)"
"EC52035","CU2035","Duplicate (2 instances collapsed to 1)"
"EC52040","CU2040","Duplicate (2 instances collapsed to 1)"
"EC52043","CU2043","Duplicate (2 instances collapsed to 1)"
"EC52079","CU2079","Duplicate (2 instances collapsed to 1)"
"EC52131","CU2131","Duplicate (3 instances collapsed to 1)"
"EC52132","CU2132","Duplicate (2 instances collapsed to 1)"
"EC52137","CU2137","Duplicate (2 instances collapsed to 1)"
"EC52141","CU2141","Duplicate (2 instances collapsed to 1)"
"EC52143","CU2143","Duplicate (2 instances collapsed to 1)"
"EC52145","CU2145","Duplicate (2 instances collapsed to 1)"
"EC52149","CU2149","Duplicate (2 instances collapsed to 1)"
"EC52184","CU2184","Duplicate (2 instances collapsed to 1)"
"EC52003","CU22003","Duplicate (3 instances collapsed to 1)"
"EC52007","CU22007","Duplicate (2 instances collapsed to 1)"
"EC52010","CU22010","Duplicate (3 instances collapsed to 1)"
"EC52011","CU22011","Duplicate (5 instances collapsed to 1)"
"EC52013","CU22013","Duplicate (2 instances collapsed to 1)"
"EC52022","CU22022","Duplicate (3 instances collapsed to 1)"
"EC52023","CU22023","Duplicate (2 instances collapsed to 1)"
"EC52032","CU22032","Duplicate (3 instances collapsed to 1)"
"EC52225","CU2225","Duplicate (2 instances collapsed to 1)"
"EC52227","CU2227","Duplicate (2 instances collapsed to 1)"
"EC52232","CU2232","Duplicate (2 instances collapsed to 1)"
"EC52321","CU2232/1","Duplicate (2 instances collapsed to 1)"
"EC52240","CU2240","Duplicate (2 instances collapsed to 1)"
"EC52243","CU2243","Duplicate (2 instances collapsed to 1)"
"EC52245","CU2245","Duplicate (2 instances collapsed to 1)"
"EC52252","CU2252","Duplicate (2 instances collapsed to 1)"
"EC53009","CU23009","Duplicate (3 instances collapsed to 1)"
"EC53019","CU23019","Duplicate (2 instances collapsed to 1)"
"EC53024","CU23024","Duplicate (2 instances collapsed to 1)"
"EC53033","CU23033","Duplicate (2 instances collapsed to 1)"
"EC52316","CU2316","Duplicate (2 instances collapsed to 1)"
"EC52317","CU2317","Duplicate (2 instances collapsed to 1)"
"EC52335","CU2335","Duplicate (3 instances collapsed to 1)"
"EC52336","CU2336","Duplicate (2 instances collapsed to 1)"
"EC52338","CU2338","Duplicate (2 instances collapsed to 1)"
"EC52339","CU2339","Duplicate (2 instances collapsed to 1)"
"EC52345","CU2345","Duplicate (2 instances collapsed to 1)"
"EC52358","CU2358","Duplicate (2 instances collapsed to 1)"
"EC52362","CU2362","Duplicate (2 instances collapsed to 1)"
"EC54004","CU24004","Duplicate (3 instances collapsed to 1)"
"EC54006","CU24006","Duplicate (2 instances collapsed to 1)"
"EC54009","CU24009","Duplicate (3 instances collapsed to 1)"
"EC54017","CU24017","Duplicate (2 instances collapsed to 1)"
"EC54024","CU24024","Duplicate (2 instances collapsed to 1)"
"EC52422","CU2422","Duplicate (2 instances collapsed to 1)"
"EC52424","CU2424","Duplicate (2 instances collapsed to 1)"
"EC52430","CU2430","Duplicate (2 instances collapsed to 1)"
"EC52433","CU2433","Duplicate (2 instances collapsed to 1)"
"EC52434","CU2434","Duplicate (2 instances collapsed to 1)"
"EC52435","CU2435","Duplicate (2 instances collapsed to 1)"
"EC52436","CU2436","Duplicate (2 instances collapsed to 1)"
"EC52440","CU2440","Duplicate (2 instances collapsed to 1)"
"EC52442","CU2442","Duplicate (2 instances collapsed to 1)"
"EC52450","CU2450","Duplicate (2 instances collapsed to 1)"
"EC55003","CU25003","Duplicate (3 instances collapsed to 1)"
"EC55007","CU25007","Duplicate (4 instances collapsed to 1)"
"EC55012","CU25012","Duplicate (2 instances collapsed to 1)"
"EC55038","CU25038","Duplicate (2 instances collapsed to 1)"
"EC52525","CU2525","Duplicate (2 instances collapsed to 1)"
"EC52531","CU2531","Duplicate (2 instances collapsed to 1)"
"EC52532","CU2532","Duplicate (2 instances collapsed to 1)"
"EC52534","CU2534","Duplicate (2 instances collapsed to 1)"
"EC52544","CU2544","Duplicate (2 instances collapsed to 1)"
"EC52545","CU2545","Duplicate (2 instances collapsed to 1)"
"EC52559","CU2559","Duplicate (2 instances collapsed to 1)"
"EC56006","CU26006","Duplicate (3 instances collapsed to 1)"
"EC56010","CU26010","Duplicate (2 instances collapsed to 1)"
"EC56017","CU26017","Duplicate (3 instances collapsed to 1)"
"EC56021","CU26021","Duplicate (2 instances collapsed to 1)"
"EC50310","CU2603(10)","Duplicate (2 instances collapsed to 1)"
"EC52620","CU2620","Duplicate (2 instances collapsed to 1)"
"EC52622","CU2622","Duplicate (2 instances collapsed to 1)"
"EC52648","CU2648","Duplicate (2 instances collapsed to 1)"
"EC52672","CU2672","Duplicate (2 instances collapsed to 1)"
"EC52680","CU2680","Duplicate (2 instances collapsed to 1)"
"EC57004","CU27004","Duplicate (2 instances collapsed to 1)"
"EC57008","CU27008","Duplicate (2 instances collapsed to 1)"
"EC57009","CU27009","Duplicate (3 instances collapsed to 1)"
"EC52733","CU2733","Duplicate (2 instances collapsed to 1)"
"EC52734","CU2734","Duplicate (2 instances collapsed to 1)"
"EC52747","CU2747","Duplicate (2 instances collapsed to 1)"
"EC52757","CU2757","Duplicate (2 instances collapsed to 1)"
"EC58004","CU28004","Duplicate (2 instances collapsed to 1)"
"EC58016","CU28016","Duplicate (2 instances collapsed to 1)"
"EC52842","CU2842","Duplicate (2 instances collapsed to 1)"
"EC52855","CU2855","Duplicate (2 instances collapsed to 1)"
"EC58551","CU2855/1","Duplicate (2 instances collapsed to 1)"
"EC52862","CU2862","Duplicate (2 instances collapsed to 1)"
"EC52882","CU2882","Duplicate (2 instances collapsed to 1)"
"EC52897","CU2897","Duplicate (2 instances collapsed to 1)"
"EC58971","CU2897/1","Duplicate (2 instances collapsed to 1)"
"EC59010","CU29010","Duplicate (2 instances collapsed to 1)"
"EC59154","CU29154","Duplicate (2 instances collapsed to 1)"
"EC52939","CU2939","Duplicate (2 instances collapsed to 1)"
"EC52940","CU2940","Duplicate (2 instances collapsed to 1)"
"EC52945","CU2945","Duplicate (2 instances collapsed to 1)"
"EC52949","CU2949","Duplicate (2 instances collapsed to 1)"
"EC52951","CU2951","Duplicate (2 instances collapsed to 1)"
"EC52952","CU2952","Duplicate (2 instances collapsed to 1)"
"EC52956","CU2956","Duplicate (2 instances collapsed to 1)"
"EC50007","CU30007","Duplicate (3 instances collapsed to 1)"
"EC50009","CU30009","Duplicate (3 instances collapsed to 1)"
"EC50012","CU30012","Duplicate (3 instances collapsed to 1)"
"EC53020","CU3020","Duplicate (2 instances collapsed to 1)"
"EC53023","CU3023","Duplicate (2 instances collapsed to 1)"
"EC53032","CU3032","Duplicate (2 instances collapsed to 1)"
"EC53037","CU3037","Duplicate (2 instances collapsed to 1)"
"EC53042","CU3042","Duplicate (2 instances collapsed to 1)"
"EC53054","CU3054","Duplicate (2 instances collapsed to 1)"
"EC53059","CU3059","Duplicate (2 instances collapsed to 1)"
"EC53139","CU3139","Duplicate (2 instances collapsed to 1)"
"EC53172","CU3172","Duplicate (2 instances collapsed to 1)"
"EC53192","CU3192","Duplicate (2 instances collapsed to 1)"
"EC52002","CU32002","Duplicate (3 instances collapsed to 1)"
"EC52005","CU32005","Duplicate (2 instances collapsed to 1)"
"EC50111","CU32011/1","Duplicate (2 instances collapsed to 1)"
"EC53241","CU3241","Duplicate (2 instances collapsed to 1)"
"EC53128","CU33128","Duplicate (2 instances collapsed to 1)"
"EC53337","CU3337","Duplicate (2 instances collapsed to 1)"
"EC53340","CU3340","Duplicate (2 instances collapsed to 1)"
"EC53360","CU3360","Duplicate (2 instances collapsed to 1)"
"EC54003","CU34003","Duplicate (4 instances collapsed to 1)"
"EC53435","CU3435","Duplicate (2 instances collapsed to 1)"
"EC53448","CU3448","Duplicate (2 instances collapsed to 1)"
"EC53454","CU3454","Duplicate (2 instances collapsed to 1)"
"EC53455","CU3455","Duplicate (2 instances collapsed to 1)"
"EC53461","CU3461","Duplicate (2 instances collapsed to 1)"
"EC54611","CU3461/1","Duplicate (2 instances collapsed to 1)"
"EC53518","CU3518","Duplicate (2 instances collapsed to 1)"
"EC53540","CU3540","Duplicate (2 instances collapsed to 1)"
"EC53554","CU3554","Duplicate (2 instances collapsed to 1)"
"EC53562","CU3562","Duplicate (2 instances collapsed to 1)"
"EC53567","CU3567","Duplicate (2 instances collapsed to 1)"
"EC53569","CU3569","Duplicate (2 instances collapsed to 1)"
"EC53780","CU3780","Duplicate (2 instances collapsed to 1)"
"EC53840","CU3840","Duplicate (2 instances collapsed to 1)"
"EC53847","CU3847","Duplicate (2 instances collapsed to 1)"
"EC53858","CU3858","Duplicate (2 instances collapsed to 1)"
"EC53943","CU3943","Duplicate (2 instances collapsed to 1)"
"EC53955","CU3955","Duplicate (2 instances collapsed to 1)"
"EC53979","CU3979","Duplicate (2 instances collapsed to 1)"
"EC50071","CU4007/1","Duplicate (2 instances collapsed to 1)"
"EC54054","CU4054","Duplicate (2 instances collapsed to 1)"
"EC54151","CU4151","Duplicate (2 instances collapsed to 1)"
"EC54179","CU4179","Duplicate (2 instances collapsed to 1)"
"EC54251","CU4251","Duplicate (2 instances collapsed to 1)"
"EC54436","CU4436","Duplicate (2 instances collapsed to 1)"
"EC54469","CU4469","Duplicate (2 instances collapsed to 1)"
"EC55004","CU45004","Duplicate (3 instances collapsed to 1)"
"EC54594","CU4594","Duplicate (2 instances collapsed to 1)"
"EC54624","CU4624","Duplicate (2 instances collapsed to 1)"
"EC54795","CU4795","Duplicate (2 instances collapsed to 1)"
"EC55041","CU5041","Duplicate (2 instances collapsed to 1)"
"EC55044","CU5044","Duplicate (2 instances collapsed to 1)"
"EC55141","CU5141","Duplicate (2 instances collapsed to 1)"
"EC55257","CU5257","Duplicate (2 instances collapsed to 1)"
"EC55366","CU5366","Duplicate (2 instances collapsed to 1)"
"EC55480","CU5480","Duplicate (2 instances collapsed to 1)"
"EC55877","CU5877","Duplicate (2 instances collapsed to 1)"
"EC51225","CU61225","Duplicate (2 instances collapsed to 1)"
"EC56724","CU6724","Duplicate (2 instances collapsed to 1)"
"EC58430","CU8430","Duplicate (2 instances collapsed to 1)"
"EC59018","CU9018","Duplicate (2 instances collapsed to 1)"
"ECCU901810","CU9018(10)","Duplicate (2 instances collapsed to 1)"
"ECCU932110","CU9321(10)","Duplicate (2 instances collapsed to 1)"
"EC50017","CUD30017","Duplicate (2 instances collapsed to 1)"
"EC55006","CUD35006","Duplicate (2 instances collapsed to 1)"
"EC58012","CUD38012","Duplicate (2 instances collapsed to 1)"
"EC56005","CUD46005","Duplicate (2 instances collapsed to 1)"
"EC53006","CUD53006","Duplicate (2 instances collapsed to 1)"
"EC55011","CUD55011","Duplicate (2 instances collapsed to 1)"
"EC56035","CUD6035","Duplicate (2 instances collapsed to 1)"
"EC52014","CUK22014","Duplicate (2 instances collapsed to 1)"
"EC54062","CUK24062","Duplicate (2 instances collapsed to 1)"
"EC59008","CUK29008","Duplicate (2 instances collapsed to 1)"
"EA50231","FP26023/1","Duplicate (2 instances collapsed to 1)"
"EL50002","HU10002Z","Duplicate (2 instances collapsed to 1)"
"EL50004","HU10004Z","Duplicate (5 instances collapsed to 1)"
"EL50771","HU1077/1X","Duplicate (2 instances collapsed to 1)"
"EL50772","HU1077/2X","Duplicate (2 instances collapsed to 1)"
"EL51002","HU11002X","Duplicate (3 instances collapsed to 1)"
"EL51003","HU11003Y","Duplicate (3 instances collapsed to 1)"
"EL51011","HU11011Z","Duplicate (2 instances collapsed to 1)"
"EL52001","HU12001Z","Duplicate (3 instances collapsed to 1)"
"EL52003","HU12003X","Duplicate (3 instances collapsed to 1)"
"EL52005","HU12005","Duplicate (4 instances collapsed to 1)"
"EL52010","HU12010X","Duplicate (3 instances collapsed to 1)"
"EL52013","HU12013Z","Duplicate (2 instances collapsed to 1)"
"EL52015","HU12015X","Duplicate (2 instances collapsed to 1)"
"EL52016","HU12016Z","Duplicate (2 instances collapsed to 1)"
"EL52021","HU12021Z","Duplicate (3 instances collapsed to 1)"
"EL52110","HU12110X","Duplicate (3 instances collapsed to 1)"
"EL51270","HU1270X","Duplicate (2 instances collapsed to 1)"
"EL51291","HU1291Z","Duplicate (2 instances collapsed to 1)"
"EL51253","HU13125/3X","Duplicate (2 instances collapsed to 1)"
"EL53125","HU13125X","Duplicate (2 instances collapsed to 1)"
"EL51381","HU1381","Duplicate (2 instances collapsed to 1)"
"EL50514","HU514X","Duplicate (2 instances collapsed to 1)"
"EL56002","HU6002Z","Duplicate (2 instances collapsed to 1)"
"EL56006","HU6006Z","Duplicate (2 instances collapsed to 1)"
"EL56011","HU6011Z","Duplicate (2 instances collapsed to 1)"
"EL56013","HU6013Y","Duplicate (2 instances collapsed to 1)"
"EL56014","HU6014Z","Duplicate (2 instances collapsed to 1)"
"EL56018","HU6018Z","Duplicate (2 instances collapsed to 1)"
"EL56019","HU6019Z","Duplicate (3 instances collapsed to 1)"
"EL56026","HU6026Z","Duplicate (2 instances collapsed to 1)"
"EL50610","HU610X","Duplicate (2 instances collapsed to 1)"
"EL50618","HU618X","Duplicate (2 instances collapsed to 1)"
"EL50068","HU68X","Duplicate (2 instances collapsed to 1)"
"EL50692","HU69/2","Duplicate (2 instances collapsed to 1)"
"EL57001","HU7001X","Duplicate (3 instances collapsed to 1)"
"EL57002","HU7002Z","Duplicate (2 instances collapsed to 1)"
"EL57003","HU7003X","Duplicate (2 instances collapsed to 1)"
"EL57008","HU7008Z","Duplicate (2 instances collapsed to 1)"
"EL57011","HU7011Y","Duplicate (2 instances collapsed to 1)"
"EL57012","HU7012Z","Duplicate (2 instances collapsed to 1)"
"EL57020","HU7020Z","Duplicate (2 instances collapsed to 1)"
"EL57024","HU7024Z","Duplicate (2 instances collapsed to 1)"
"EL57030","HU7030Z","Duplicate (2 instances collapsed to 1)"
"EL57032","HU7032Z","Duplicate (2 instances collapsed to 1)"
"EL57034","HU7034Z","Duplicate (2 instances collapsed to 1)"
"EL57035","HU7035Y","Duplicate (2 instances collapsed to 1)"
"EL57041","HU7041Z","Duplicate (2 instances collapsed to 1)"
"EL57042","HU7042Z","Duplicate (2 instances collapsed to 1)"
"EL57052","HU7052X","Duplicate (3 instances collapsed to 1)"
"EL51151","HU711/51X","Duplicate (2 instances collapsed to 1)"
"EL50711","HU711X","Duplicate (2 instances collapsed to 1)"
"EL51210","HU712/10X","Duplicate (2 instances collapsed to 1)"
"EL51211","HU712/11X","Duplicate (3 instances collapsed to 1)"
"EL57126","HU712/6X","Duplicate (3 instances collapsed to 1)"
"EL57127","HU712/7X","Duplicate (2 instances collapsed to 1)"
"EL57128","HU712/8X","Duplicate (2 instances collapsed to 1)"
"EL57129","HU712/9X","Duplicate (2 instances collapsed to 1)"
"EL50712","HU712X","Duplicate (3 instances collapsed to 1)"
"EL57131","HU713/1X","Duplicate (2 instances collapsed to 1)"
"EL50713","HU713X","Duplicate (2 instances collapsed to 1)"
"EL57162","HU716/2X","Duplicate (2 instances collapsed to 1)"
"EL57181","HU718/1K","Duplicate (5 instances collapsed to 1)"
"EL57182","HU718/2X","Duplicate (2 instances collapsed to 1)"
"EL50718","HU718X","Duplicate (2 instances collapsed to 1)"
"EL57193","HU719/3X","Duplicate (2 instances collapsed to 1)"
"EL57195","HU719/5X","Duplicate (3 instances collapsed to 1)"
"EL57196","HU719/6X","Duplicate (2 instances collapsed to 1)"
"EL57197","HU719/7X","Duplicate (2 instances collapsed to 1)"
"EL57198","HU719/8X","Duplicate (2 instances collapsed to 1)"
"EL50721","HU721","Duplicate (5 instances collapsed to 1)"
"EL50722","HU722X","Duplicate (4 instances collapsed to 1)"
"EL58001","HU8001X","Duplicate (4 instances collapsed to 1)"
"EL58002","HU8002XKIT","Duplicate (4 instances collapsed to 1)"
"EL58003","HU8003X","Duplicate (3 instances collapsed to 1)"
"EL58005","HU8005Z","Duplicate (3 instances collapsed to 1)"
"EL58006","HU8006Z","Duplicate (2 instances collapsed to 1)"
"EL58007","HU8007Z","Duplicate (2 instances collapsed to 1)"
"EL58009","HU8009Z","Duplicate (2 instances collapsed to 1)"
"EL58010","HU8010Z","Duplicate (3 instances collapsed to 1)"
"EL58011","HU8011Z","Duplicate (3 instances collapsed to 1)"
"EL58018","HU8018Z","Duplicate (2 instances collapsed to 1)"
"EL58136","HU8136Z","Duplicate (2 instances collapsed to 1)"
"EL50816","HU816X","Duplicate (2 instances collapsed to 1)"
"EL50820","HU820X","Duplicate (2 instances collapsed to 1)"
"EL59001","HU9001X","Duplicate (5 instances collapsed to 1)"
"EL59002","HU9002Z","Duplicate (5 instances collapsed to 1)"
"EL59003","HU9003Z","Duplicate (2 instances collapsed to 1)"
"EL59006","HU9006Z","Duplicate (3 instances collapsed to 1)"
"EL59007","HU9007Z","Duplicate (2 instances collapsed to 1)"
"EL59009","HU9009Z","Duplicate (2 instances collapsed to 1)"
"EL59011","HU9011Z","Duplicate (2 instances collapsed to 1)"
"EL50920","HU920X","Duplicate (5 instances collapsed to 1)"
"EL50921","HU921X","Duplicate (2 instances collapsed to 1)"
"EL50923","HU923X","Duplicate (3 instances collapsed to 1)"
"EL59254","HU925/4X","Duplicate (2 instances collapsed to 1)"
"EL59265","HU926/5X","Duplicate (3 instances collapsed to 1)"
"EL59303","HU930/3X","Duplicate (2 instances collapsed to 1)"
"EL50931","HU931X","Duplicate (3 instances collapsed to 1)"
"EL59324","HU932/4N","Duplicate (2 instances collapsed to 1)"
"EL59326","HU932/6N","Duplicate (2 instances collapsed to 1)"
"EL59452","HU945/2X","Duplicate (2 instances collapsed to 1)"
"EL59453","HU945/3X","Duplicate (2 instances collapsed to 1)"
"EL59471","HU947/1N","Duplicate (2 instances collapsed to 1)"
"EL50951","HU951X","Duplicate (2 instances collapsed to 1)"
"EF50005","PU10005X","Duplicate (2 instances collapsed to 1)"
"EF50006","PU10006X","Duplicate (2 instances collapsed to 1)"
"EF50011","PU10011Z","Duplicate (3 instances collapsed to 1)"
"EF50012","PU10012Z","Duplicate (3 instances collapsed to 1)"
"EF50019","PU10019Z","Duplicate (2 instances collapsed to 1)"
"EF50020","PU10020X","Duplicate (2 instances collapsed to 1)"
"EF50021","PU10021Z","Duplicate (3 instances collapsed to 1)"
"EF50022","PU10022Z","Duplicate (2 instances collapsed to 1)"
"EF50231","PU10023/1","Duplicate (2 instances collapsed to 1)"
"EF50027","PU10027Z","Duplicate (2 instances collapsed to 1)"
"EF50028","PU10028Z","Duplicate (2 instances collapsed to 1)"
"EF50036","PU10036X","Duplicate (2 instances collapsed to 1)"
"EF51040","PU1040X","Duplicate (3 instances collapsed to 1)"
"EF51046","PU1046X","Duplicate (2 instances collapsed to 1)"
"EF51060","PU1060X","Duplicate (2 instances collapsed to 1)"
"EF51001","PU11001ZKIT","Duplicate (2 instances collapsed to 1)"
"EF51002","PU11002ZKIT","Duplicate (2 instances collapsed to 1)"
"EF50031","PU12003/1Z","Duplicate (2 instances collapsed to 1)"
"EF52003","PU12003Z","Duplicate (2 instances collapsed to 1)"
"EF52004","PU12004Z","Duplicate (2 instances collapsed to 1)"
"EF53002","PU13002X","Duplicate (3 instances collapsed to 1)"
"EF52001","PU2001","Duplicate (2 instances collapsed to 1)"
"EF55002","PU5002Z","Duplicate (3 instances collapsed to 1)"
"EF55003","PU5003Z","Duplicate (2 instances collapsed to 1)"
"EF55005","PU5005","Duplicate (2 instances collapsed to 1)"
"EF50050","PU50X","Duplicate (3 instances collapsed to 1)"
"EF50051","PU51X","Duplicate (6 instances collapsed to 1)"
"EF50053","PU53","Duplicate (2 instances collapsed to 1)"
"EF56006","PU6006","Duplicate (2 instances collapsed to 1)"
"EF57002","PU7002X","Duplicate (2 instances collapsed to 1)"
"EF57012","PU7012Z","Duplicate (2 instances collapsed to 1)"
"EF57014","PU7014Z","Duplicate (2 instances collapsed to 1)"
"EF57015","PU7015","Duplicate (2 instances collapsed to 1)"
"EF50723","PU723X","Duplicate (2 instances collapsed to 1)"
"EF50731","PU731X","Duplicate (2 instances collapsed to 1)"
"EF58014","PU8014","Duplicate (2 instances collapsed to 1)"
"EF58015","PU8015","Duplicate (2 instances collapsed to 1)"
"EF58018","PU8018","Duplicate (2 instances collapsed to 1)"
"EF58019","PU8019","Duplicate (2 instances collapsed to 1)"
"EF50201","PU8020/1X","Duplicate (2 instances collapsed to 1)"
"EF58021","PU8021","Duplicate (2 instances collapsed to 1)"
"EF58028","PU8028","Duplicate (2 instances collapsed to 1)"
"EF58046","PU8046Z","Duplicate (2 instances collapsed to 1)"
"EF58051","PU8051Z","Duplicate (2 instances collapsed to 1)"
"EF50815","PU815X","Duplicate (3 instances collapsed to 1)"
"EF58193","PU819/3X","Duplicate (3 instances collapsed to 1)"
"EF50820","PU820X","Duplicate (2 instances collapsed to 1)"
"EF50823","PU823X","Duplicate (2 instances collapsed to 1)"
"EF50830","PU830X","Duplicate (2 instances collapsed to 1)"
"EF50831","PU831X","Duplicate (2 instances collapsed to 1)"
"EF58341","PU834/1X","Duplicate (2 instances collapsed to 1)"
"EF50850","PU850X","Duplicate (2 instances collapsed to 1)"
"EF59009","PU9009ZKIT","Duplicate (2 instances collapsed to 1)"
"EF59011","PU9011ZKIT","Duplicate (2 instances collapsed to 1)"
"EF59012","PU9012Z","Duplicate (2 instances collapsed to 1)"
"EF59014","PU9014","Duplicate (2 instances collapsed to 1)"
"EF59015","PU9015Z","Duplicate (2 instances collapsed to 1)"
"EF59023","PU9023Z","Duplicate (2 instances collapsed to 1)"
"EF59025","PU9025","Duplicate (2 instances collapsed to 1)"
"EF59027","PU9027Z","Duplicate (2 instances collapsed to 1)"
"EF59036","PU9036Z","Duplicate (2 instances collapsed to 1)"
"EF59037","PU9037Z","Duplicate (2 instances collapsed to 1)"
"EF59040","PU9040Z","Duplicate (2 instances collapsed to 1)"
"EF50936","PU936X","Duplicate (2 instances collapsed to 1)"
"EF59661","PU966/1","Duplicate (2 instances collapsed to 1)"
"EL50005","W10005","Duplicate (3 instances collapsed to 1)"
"EL50007","W10007","Duplicate (3 instances collapsed to 1)"
"EL50008","W10008","Duplicate (3 instances collapsed to 1)"
"EL50009","W10009","Duplicate (2 instances collapsed to 1)"
"EL50010","W10010","Duplicate (2 instances collapsed to 1)"
"EL50014","W10014","Duplicate (2 instances collapsed to 1)"
"EL50015","W10015","Duplicate (2 instances collapsed to 1)"
"EL50016","W10016","Duplicate (2 instances collapsed to 1)"
"EL50020","W10020","Duplicate (2 instances collapsed to 1)"
"EL51020","W1020","Duplicate (2 instances collapsed to 1)"
"EL51022","W1022","Duplicate (5 instances collapsed to 1)"
"EL50221","W1022/1","Duplicate (2 instances collapsed to 1)"
"EL51035","W1035","Duplicate (2 instances collapsed to 1)"
"EL51023","W11023","Duplicate (2 instances collapsed to 1)"
"EL51024","W11024","Duplicate (3 instances collapsed to 1)"
"EL51025","W11025","Duplicate (2 instances collapsed to 1)"
"EL51027","W11027","Duplicate (2 instances collapsed to 1)"
"EL51102","W11102","Duplicate (3 instances collapsed to 1)"
"EL51021","W11102/1","Duplicate (3 instances collapsed to 1)"
"EL50210","W11102/10","Duplicate (2 instances collapsed to 1)"
"EL50211","W11102/11","Duplicate (2 instances collapsed to 1)"
"EL50212","W11102/12","Duplicate (2 instances collapsed to 1)"
"EL50224","W11102/24","Duplicate (2 instances collapsed to 1)"
"EL50228","W11102/28","Duplicate (2 instances collapsed to 1)"
"EL51480","W1114/80","Duplicate (4 instances collapsed to 1)"
"EL51168","W11168","Duplicate (3 instances collapsed to 1)"
"EL51181","W11181","Duplicate (3 instances collapsed to 1)"
"EL51201","W11201","Duplicate (2 instances collapsed to 1)"
"EL51261","W1126/1","Duplicate (2 instances collapsed to 1)"
"EL52610","W1126/10","Duplicate (2 instances collapsed to 1)"
"EL51262","W1126/2","Duplicate (2 instances collapsed to 1)"
"EL51265","W1126/5","Duplicate (3 instances collapsed to 1)"
"EL54011","W1140/11","Duplicate (4 instances collapsed to 1)"
"EL54018","W1140/18","Duplicate (3 instances collapsed to 1)"
"EL54022","W1140/22","Duplicate (4 instances collapsed to 1)"
"EL51144","W1144","Duplicate (3 instances collapsed to 1)"
"EL51152","W1152","Duplicate (2 instances collapsed to 1)"
"EL51521","W1152/1","Duplicate (2 instances collapsed to 1)"
"EL51170","W1170","Duplicate (2 instances collapsed to 1)"
"EL57015","W1170/15","Duplicate (2 instances collapsed to 1)"
"EL51184","W1184","Duplicate (2 instances collapsed to 1)"
"EL52011","W12011","Duplicate (2 instances collapsed to 1)"
"EL52012","W12012","Duplicate (2 instances collapsed to 1)"
"EL52120","W12120","Duplicate (2 instances collapsed to 1)"
"EL52051","W12205/1","Duplicate (2 instances collapsed to 1)"
"EL51223","W1223","Duplicate (2 instances collapsed to 1)"
"EL51226","W1226","Duplicate (2 instances collapsed to 1)"
"EL51237","W1237X","Duplicate (2 instances collapsed to 1)"
"EL51254","W1254X","Duplicate (2 instances collapsed to 1)"
"EL51294","W1294","Duplicate (3 instances collapsed to 1)"
"EL53001","W13001","Duplicate (3 instances collapsed to 1)"
"EL53006","W13006","Duplicate (2 instances collapsed to 1)"
"EL53009","W13009","Duplicate (2 instances collapsed to 1)"
"EL53010","W13010","Duplicate (2 instances collapsed to 1)"
"EL53011","W13011X","Duplicate (3 instances collapsed to 1)"
"EL53012","W13012","Duplicate (3 instances collapsed to 1)"
"EL53015","W13015","Duplicate (3 instances collapsed to 1)"
"EL53016","W13016","Duplicate (2 instances collapsed to 1)"
"EL53017","W13017","Duplicate (2 instances collapsed to 1)"
"EL53145","W13145","Duplicate (4 instances collapsed to 1)"
"EL51451","W13145/1","Duplicate (2 instances collapsed to 1)"
"EL51453","W13145/3","Duplicate (2 instances collapsed to 1)"
"EL51456","W13145/6","Duplicate (2 instances collapsed to 1)"
"EL51323","W1323","Duplicate (2 instances collapsed to 1)"
"EL51374","W1374","Duplicate (3 instances collapsed to 1)"
"EL53745","W1374/5","Duplicate (2 instances collapsed to 1)"
"EL53746","W1374/6","Duplicate (2 instances collapsed to 1)"
"EL53747","W1374/7","Duplicate (2 instances collapsed to 1)"
"EL51428","W1428","Duplicate (2 instances collapsed to 1)"
"EL56109","W610/9","Duplicate (2 instances collapsed to 1)"
"EL57023","W7023","Duplicate (2 instances collapsed to 1)"
"EL51180","W711/80","Duplicate (3 instances collapsed to 1)"
"EL57121","W712/1","Duplicate (2 instances collapsed to 1)"
"EL57122","W712/2","Duplicate (2 instances collapsed to 1)"
"EL51222","W712/22","Duplicate (2 instances collapsed to 1)"
"EL57125","W712/5","Duplicate (2 instances collapsed to 1)"
"EL51260","W712/60","Duplicate (2 instances collapsed to 1)"
"EL51273","W712/73","Duplicate (2 instances collapsed to 1)"
"EL51275","W712/75","Duplicate (2 instances collapsed to 1)"
"EL51283","W712/83","Duplicate (2 instances collapsed to 1)"
"EL51290","W712/90","Duplicate (3 instances collapsed to 1)"
"EL51292","W712/92","Duplicate (2 instances collapsed to 1)"
"EL51316","W713/16","Duplicate (2 instances collapsed to 1)"
"EL57134","W713/4","Duplicate (2 instances collapsed to 1)"
"EL57135","W713/5","Duplicate (2 instances collapsed to 1)"
"EL50717","W717","Duplicate (2 instances collapsed to 1)"
"EL50719","W719","Duplicate (2 instances collapsed to 1)"
"EL57191","W719/1","Duplicate (2 instances collapsed to 1)"
"EL51913","W719/13","Duplicate (2 instances collapsed to 1)"
"EL51915","W719/15","Duplicate (2 instances collapsed to 1)"
"EL51945","W719/45","Duplicate (2 instances collapsed to 1)"
"EL54510","W719/45(10)","Duplicate (2 instances collapsed to 1)"
"EL50724","W724","Duplicate (2 instances collapsed to 1)"
"EL57241","W724/1","Duplicate (3 instances collapsed to 1)"
"EL57244","W724/4","Duplicate (2 instances collapsed to 1)"
"EL57245","W724/5","Duplicate (3 instances collapsed to 1)"
"EL50077","W77","Duplicate (2 instances collapsed to 1)"
"EL58030","W8030","Duplicate (2 instances collapsed to 1)"
"EL50811","W811","Duplicate (2 instances collapsed to 1)"
"EL50815","W815","Duplicate (2 instances collapsed to 1)"
"EL58153","W815/3","Duplicate (2 instances collapsed to 1)"
"EL51580","W815/80","Duplicate (2 instances collapsed to 1)"
"EL59100","W9100","Duplicate (2 instances collapsed to 1)"
"EL59131","W913/1","Duplicate (2 instances collapsed to 1)"
"EL59136","W913/6","Duplicate (2 instances collapsed to 1)"
"EL50914","W914","Duplicate (3 instances collapsed to 1)"
"EL59142","W914/2","Duplicate (3 instances collapsed to 1)"
"EL59146","W914/6","Duplicate (2 instances collapsed to 1)"
"EL59147","W914/7","Duplicate (3 instances collapsed to 1)"
"EL59148","W914/8","Duplicate (2 instances collapsed to 1)"
"EL59149","W914/9","Duplicate (2 instances collapsed to 1)"
"EL59140","W9140","Duplicate (2 instances collapsed to 1)"
"EL59161","W916/1","Duplicate (3 instances collapsed to 1)"
"EL50917","W917","Duplicate (2 instances collapsed to 1)"
"EL59202","W920/2","Duplicate (3 instances collapsed to 1)"
"EL59203","W920/3","Duplicate (3 instances collapsed to 1)"
"EL59205","W920/5","Duplicate (2 instances collapsed to 1)"
"EL59207","W920/7","Duplicate (3 instances collapsed to 1)"
"EL52080","W920/80","Duplicate (2 instances collapsed to 1)"
"EL59209","W920/9","Duplicate (2 instances collapsed to 1)"
"EL50922","W922","Duplicate (2 instances collapsed to 1)"
"EL59232","W923/2","Duplicate (2 instances collapsed to 1)"
"EL59235","W923/5","Duplicate (2 instances collapsed to 1)"
"EL59236","W923/6","Duplicate (2 instances collapsed to 1)"
"EL50925","W925","Duplicate (2 instances collapsed to 1)"
"EL50930","W930","Duplicate (3 instances collapsed to 1)"
"EL53013","W930/13","Duplicate (2 instances collapsed to 1)"
"EL53014","W930/14","Duplicate (2 instances collapsed to 1)"
"EL59302","W930/2","Duplicate (2 instances collapsed to 1)"
"EL50940","W940","Duplicate (6 instances collapsed to 1)"
"EL54010","W940(10)","Duplicate (4 instances collapsed to 1)"
"EL59401","W940/1","Duplicate (3 instances collapsed to 1)"
"EL54012","W940/12","Duplicate (2 instances collapsed to 1)"
"EL54013","W940/13","Duplicate (2 instances collapsed to 1)"
"EL54015","W940/15","Duplicate (3 instances collapsed to 1)"
"EL54017","W940/17","Duplicate (2 instances collapsed to 1)"
"EL54019","W940/19","Duplicate (3 instances collapsed to 1)"
"EL54020","W940/20","Duplicate (2 instances collapsed to 1)"
"EL54023","W940/23","Duplicate (2 instances collapsed to 1)"
"EL54025","W940/25","Duplicate (3 instances collapsed to 1)"
"EL59403","W940/3","Duplicate (3 instances collapsed to 1)"
"EL59404","W940/4","Duplicate (3 instances collapsed to 1)"
"EL59405","W940/5","Duplicate (3 instances collapsed to 1)"
"EL59407","W940/7","Duplicate (4 instances collapsed to 1)"
"EL59409","W940/9","Duplicate (2 instances collapsed to 1)"
"EL50945","W945","Duplicate (2 instances collapsed to 1)"
"EL50950","W950","Duplicate (5 instances collapsed to 1)"
"EL59501","W950/1","Duplicate (4 instances collapsed to 1)"
"EL59504","W950/4","Duplicate (2 instances collapsed to 1)"
"EL59505","W950/5","Duplicate (3 instances collapsed to 1)"
"EL50962","W962","Duplicate (4 instances collapsed to 1)"
"EL59621","W962/1","Duplicate (2 instances collapsed to 1)"
"EL56211","W962/11","Duplicate (2 instances collapsed to 1)"
"EL56214","W962/14","Duplicate (2 instances collapsed to 1)"
"EL56215","W962/15","Duplicate (2 instances collapsed to 1)"
"EL56232","W962/32","Duplicate (2 instances collapsed to 1)"
"EL59628","W962/8","Duplicate (3 instances collapsed to 1)"
"EL59004","WA9004","Duplicate (4 instances collapsed to 1)"
"EL59005","WA9005","Duplicate (3 instances collapsed to 1)"
"EL59406","WA940/6","Duplicate (3 instances collapsed to 1)"
"EL50001","WD10001X","Duplicate (2 instances collapsed to 1)"
"EL50006","WD10006","Duplicate (2 instances collapsed to 1)"
"EL51001","WD11001","Duplicate (3 instances collapsed to 1)"
"EL59402","WD940/2","Duplicate (2 instances collapsed to 1)"
"EL56212","WD962/12","Duplicate (2 instances collapsed to 1)"
"EL50003","WH10003","Duplicate (2 instances collapsed to 1)"
"EF50047","WK10047","Duplicate (2 instances collapsed to 1)"
"EF50057","WK10057KIT","Duplicate (2 instances collapsed to 1)"
"EF51003","WK11003Z","Duplicate (2 instances collapsed to 1)"
"EF50191","WK11019/1Z","Duplicate (2 instances collapsed to 1)"
"EF51025","WK11025","Duplicate (2 instances collapsed to 1)"
"EF51421","WK1142/1X","Duplicate (2 instances collapsed to 1)"
"EF52020","WK12020","Duplicate (2 instances collapsed to 1)"
"EF54001","WK14001","Duplicate (2 instances collapsed to 1)"
"EF51210","WK21/2(10)","Duplicate (3 instances collapsed to 1)"
"EF51410","WK31/4(10)","Duplicate (2 instances collapsed to 1)"
"EF54210","WK42/10","Duplicate (2 instances collapsed to 1)"
"EF54211","WK42/11","Duplicate (2 instances collapsed to 1)"
"EF54212","WK42/12","Duplicate (3 instances collapsed to 1)"
"EF54213","WK42/13","Duplicate (2 instances collapsed to 1)"
"EF55010","WK5010","Duplicate (2 instances collapsed to 1)"
"EF55015","WK5015","Duplicate (2 instances collapsed to 1)"
"EF55016","WK5016","Duplicate (4 instances collapsed to 1)"
"EF55020","WK5020XKIT","Duplicate (2 instances collapsed to 1)"
"EF55021","WK5021","Duplicate (2 instances collapsed to 1)"
"EF50521","WK52/1","Duplicate (2 instances collapsed to 1)"
"EF55321","WK532/1","Duplicate (2 instances collapsed to 1)"
"EF56031","WK6031","Duplicate (2 instances collapsed to 1)"
"EF51426","WK614/26","Duplicate (2 instances collapsed to 1)"
"EF51436","WK614/36","Duplicate (2 instances collapsed to 1)"
"EF56148","WK614/8","Duplicate (2 instances collapsed to 1)"
"EF57151","WK715/1","Duplicate (2 instances collapsed to 1)"
"EF57302","WK730/2","Duplicate (2 instances collapsed to 1)"
"EF58003","WK8003","Duplicate (2 instances collapsed to 1)"
"EF58022","WK8022","Duplicate (2 instances collapsed to 1)"
"EF58141","WK814/1","Duplicate (2 instances collapsed to 1)"
"EF58151","WK815/1","Duplicate (2 instances collapsed to 1)"
"EF58152","WK815/2","Duplicate (2 instances collapsed to 1)"
"EF50817","WK817","Duplicate (2 instances collapsed to 1)"
"EF58173","WK817/3X","Duplicate (2 instances collapsed to 1)"
"EF58194","WK819/4","Duplicate (2 instances collapsed to 1)"
"EF58205","WK820/5","Duplicate (2 instances collapsed to 1)"
"EF58221","WK822/1","Duplicate (2 instances collapsed to 1)"
"EF58222","WK822/2","Duplicate (2 instances collapsed to 1)"
"EF58223","WK822/3","Duplicate (2 instances collapsed to 1)"
"EF58224","WK822/4","Duplicate (2 instances collapsed to 1)"
"EF58233","WK823/3","Duplicate (2 instances collapsed to 1)"
"EF50828","WK828","Duplicate (2 instances collapsed to 1)"
"EF58294","WK829/4","Duplicate (2 instances collapsed to 1)"
"EF58306","WK830/6","Duplicate (2 instances collapsed to 1)"
"EF55312","WK853/12","Duplicate (2 instances collapsed to 1)"
"EF58533","WK853/3","Duplicate (2 instances collapsed to 1)"
"EF58534","WK853/4","Duplicate (2 instances collapsed to 1)"
"EF59017","WK9017X","Duplicate (2 instances collapsed to 1)"
"EF59018","WK9018","Duplicate (2 instances collapsed to 1)"
"EF59034","WK9034","Duplicate (2 instances collapsed to 1)"
"EF59042","WK9042","Duplicate (2 instances collapsed to 1)"
"EF59046","WK9046","Duplicate (2 instances collapsed to 1)"
"EF59058","WK9058","Duplicate (2 instances collapsed to 1)"
"EF50918","WK918","Duplicate (2 instances collapsed to 1)"
"EF59190","WK9190","Duplicate (2 instances collapsed to 1)"
"EF50929","WK929","Duplicate (2 instances collapsed to 1)"
"EF59392","WK939/2","Duplicate (2 instances collapsed to 1)"
"EF54011","WK940/11","Duplicate (2 instances collapsed to 1)"
"EF54016","WK940/16","Duplicate (2 instances collapsed to 1)"
"EF59406","WK940/6","Duplicate (2 instances collapsed to 1)"
"EF50965","WK965","Duplicate (2 instances collapsed to 1)"
"EF59702","WK970/2","Duplicate (2 instances collapsed to 1)"
