make,application_count,sku_count
MERCEDES-BENZ,18466,269
CATERPILLAR,16429,338
JOHN DEERE,7311,352
MAN TRUCK,7000,72
IVECO,6930,132
NEW HOLLAND,6264,307
TOYOTA,5850,174
CASE-IH (CNH GLOBAL),5580,291
MERCEDES-BENZ (USA),5152,143
FORD,5123,293
CLAAS,4709,211
BMW (USA),4664,99
RENAULT,4634,199
DEUTZ-FAHR (SAME DEUTZ-FAHR),4175,151
KOMATSU,4066,240
VW (VOLKSWAGEN),3853,152
VOLVO TRUCKS,3806,112
AUDI (USA),3749,118
EVOBUS (MERCEDES-BENZ/SETRA),3688,156
VW (VOLKSWAGEN) (USA),3478,107
RENAULT TRUCKS (RVI),3372,131
KUBOTA,3360,94
FIAT,3341,206
MASSEY-FERGUSON TRAKTOREN (AGCO),3290,170
PEUGEOT,3263,160
SCANIA,3237,66
CITROEN,3133,154
JCB (J.C. BAMFORD),2825,212
FENDT (AGCO),2734,174
OPEL,2476,193
MANITOU,2454,127
BOBCAT,2303,115
CASE CONSTRUCTION,2270,240
LIEBHERR,2247,224
VOLVO CONSTRUCTION EQUIPMENT,2239,216
BMW,2207,97
NISSAN,2124,165
MAN BUS (NEOMAN),2118,70
HYUNDAI,2099,148
VOLVO (USA),2078,49
VOLVO BUS,1940,75
AUDI,1833,104
LANDINI (ARGO),1818,100
PORSCHE (USA),1756,59
VAUXHALL,1754,143
ASTRA (IVECO GROUP),1724,35
SEAT,1663,83
STEYR (MAN-STEYR AG),1661,53
MITSUBISHI,1645,121
MCCORMICK (ARGO),1642,75
HITACHI,1622,189
VALTRA / VALMET (AGCO),1575,61
IVECO BUS,1487,103
HONDA,1484,80
VOLVO CARS,1464,65
DAF TRUCKS,1426,96
CASE-STEYR (CNH GLOBAL),1414,108
KIA MOTORS,1393,118
KOBELCO,1273,128
FIATAGRI (CNH GLOBAL),1228,47
HUERLIMANN TRAKTOREN,1226,58
SAME (SAME DEUTZ-FAHR),1211,79
MAZDA,1204,112
NEW HOLLAND CONSTRUCTION,1162,161
GMC (USA),1157,14
ALFA ROMEO,1103,79
JAGUAR (USA),1085,37
SKODA,1078,64
SCANIA BUS / SCANIA-IRIZAR,956,44
HYUNDAI CONSTRUCTION,894,112
NEOPLAN (NEOMAN),876,64
FREIGHTLINER,866,45
KRAMER ALLRAD (WACKER NEUSON),857,66
LAMBORGHINI,815,75
GINAF,814,23
PEGASO (ENASA),811,28
VOLVO PENTA,807,65
FODEN,757,37
INGERSOLL-RAND,709,111
SAAB (USA),704,32
LAND ROVER (USA),695,33
RENAULT AGRICULTURE (CLAAS),692,55
YANMAR,679,57
DACIA (RENAULT GROUP),675,38
LEXUS,646,36
LANCIA (LANCIA AUTOBIANCHI),644,84
WEIDEMANN (WACKER NEUSON),641,75
SUZUKI,640,97
WINGET / DYNAPAC,634,92
CUMMINS,628,68
DOOSAN COMPRESSORS,623,137
BOMAG,620,113
INTERNATIONAL,613,37
ERF (E.R.F.),605,45
MINI (USA),594,15
KENWORTH,585,57
LAND ROVER,579,50
VDL BUS + COACH,567,34
VAUXHALL-BEDFORD (LCV),566,101
VAN HOOL,544,42
SENNEBOGEN,537,46
SEDDON ATKINSON,535,27
TAKEUCHI,526,68
O&K ORENSTEIN + KOPPEL (CNH),521,97
FIAT-ALLIS/GEOTECH/HITACHI,508,71
ROVER (MG ROVER GROUP LTD),507,37
SISU AUTO,485,61
DIECI,460,39
ANTONIO CARRARO,456,55
SCHAEFFER,454,32
RIETSCHLE,440,46
GEHL,429,76
SOLARIS BUS,428,38
SULLAIR,425,57
CHEVROLET,424,93
OPTARE,417,36
VALPADANA (ARGO),412,34
ZETOR,412,32
DEUTZ AG (ENGINES),404,59
JEEP,396,38
FORD USA,394,4
AVANT,380,27
ISEKI,379,44
GROVE,366,90
CHEVROLET EUROPE / DAEWOO (GM),362,51
SUBARU,360,38
BECKER-KOMPRESSOREN,359,33
ISUZU,341,42
PETERBILT,341,31
ATLAS (TEREX),321,54
MITSUBISHI FUSO (DAIMLER),320,23
HAMM (WIRTGEN GROUP),319,44
WACKER NEUSON,319,33
HYUNDAI (USA),319,7
POCLAIN,303,37
EUCLID,301,30
LS AGRICULTURAL MACHINERY,295,15
CHALLENGER (AGCO),288,59
BOGE,284,17
SCHAEFF,283,67
HOLDEN AUTOMOTIVE,277,66
DOOSAN,275,61
MERLO,275,47
HANOMAG (KOMATSU HANOMAG AG),273,42
EICHER,273,21
SCHLUETER,267,31
雪铁龙(东风雪铁龙) / CITROEN (DF.C),267,26
TATRA,266,20
ABG (VOLVO CE),264,45
IVECO (FIAT),261,34
HYSTER,246,59
LADA (SHIGULI),243,17
RENAULT BUS (IRISBUS/RVI),239,45
NEUSON (WACKER NEUSON),237,52
THERMO KING,237,16
标致(东风标致雪铁龙) / PEUGEOT (DF-PSA),235,18
DAIHATSU,233,41
PORSCHE,233,24
FAUN-FRISCH (O+K),231,33
LEYLAND,230,33
NISSAN DIESEL / UD TRUCKS,229,22
KIA (USA),221,4
DS AUTOMOBILES,220,23
HATZ,219,22
ERKUNT Tractor,219,7
WIRTGEN (WIRTGEN GROUP),218,74
HEULIEZ BUS (IVECO BUS),216,48
EBRO (MISA),215,22
AVIA ASHOK LEYLAND MOTORS,215,13
LINDE,214,48
AEBI TRAKTOREN (CH),213,54
IVECO (MAGIRUS),212,23
VOEGELE (WIRTGEN GROUP),210,50
GENERAL MOTORS,209,38
TEREX,208,78
福特(长安福特) / FORD (CHANG.FORD),206,21
FAUN (TADANO FAUN),205,26
FURUKAWA-DRESSER,202,34
CHEVROLET (USA),200,18
ZETTELMEYER (VOLVO),198,52
CHRYSLER,196,44
TIMBERJACK (JOHN DEERE),195,52
ATLAS (WEYHAUSEN),194,40
LIEBHERR-MOBILKRANE,192,55
MACK (USA),192,15
JAGUAR,191,20
梅赛德斯奔驰(北京) / MERCEDES-BENZ(BBDC),190,13
AGCO,188,36
BENFORD,188,29
TALBOT,188,14
SMART (USA),183,11
VM MOTORI (DETROIT DIESEL),180,25
SUBARU (USA),180,9
CHERY,178,13
AMMANN,177,73
CLARK EQUIPMENT,176,34
KIOTI,175,31
丰田(一汽丰田) / TOYOTA (FAW.TOY),174,22
MASSEY-FERGUSON BAUMASCHINEN,172,43
HY-MAC,170,29
MASSEY-FERGUSON MAEHDRESCHER (AGCO),169,36
AHLMANN (MECALAC),167,29
LINDNER TRAKTOREN,162,28
BRANSON,162,8
TEMSA BUS,161,36
AVELING BARFORD,159,39
KALMAR LMV,159,38
DYNAPAC-WINGET,158,46
PERKINS,157,26
MASSEY-FERGUSON-HANOMAG,156,38
AG-CHEM (AGCO),154,43
HAULOTTE,146,23
ALLIS-CHALMERS,143,28
DAEWOO CONSTRUCTION EQUIPMENT,142,47
DODGE,142,43
AIFO (IVECO-AIFO/OM/SOFIM),141,21
MINI (BMW GROUP),140,23
TAM,139,20
TOYOTA (USA),138,14
KAMAZ,136,23
BROEYT (BROEDR SOYLAND AS),133,24
LANCER BOSS,132,20
BMC (TR),131,28
BARREIROS,131,9
GENIE,130,33
ALFA ROMEO (USA),130,14
THWAITES,129,29
HANOMAG HENSCHEL,123,9
FURUKAWA,120,32
FORD (USA),120,9
MWM (CATERPILLAR),118,17
JENBACHER GASMOTOREN,116,29
SMART (DAIMLER AG),116,16
DEMAG BAGGER (MANNESM.-DEMAG),115,34
起亚(东风起亚) / KIA (DF.KIA),115,18
IHI CONSTRUCTION MACHINERY,115,16
HESSTON,115,6
MITSUBISHI (JP),114,9
DEMAG MOBILE CRANES,113,31
现代(北京现代) / HYUNDAI (BEIJING.H),113,20
宝马(华晨宝马) / BMW (BR.BMW),112,16
HINO,112,7
SAAB,111,22
BUSCH VACUUM PUMPS,111,12
JELCZ,111,9
EATON YALE & TOWNE,109,25
KAESSBOHRER PISTEN BULLY,108,31
BMW ALPINA B. BOVENSIEPEN,108,26
奥迪(一汽奥迪) / AUDI (FAW.AUDI),108,13
REFORM-WERKE,107,23
BENFRA,107,15
HOLDER TRAKTOREN,105,17
VISEON BUS,104,19
GOLDONI TRACTORS,103,35
SSANGYONG,103,15
FIAT (USA),103,9
AKERMAN,102,15
别克(上海通用) / BUICK (SGM),100,17
一汽解放 / FAW JIEFANG,99,16
FORD ENGINES,99,9
DENNIS TRUCKS / DENNIS EAGLE,98,25
IRIZAR,98,3
三一重工 / SANY,97,40
MAHINDRA,95,13
吉利 / GEELY,94,11
大众(一汽大众) / VW (FAW.VW),94,8
INFINITI,93,18
LAVERDA,92,19
KING LONG BUSES,92,18
IRMER & ELZE KOMPRESSOREN,92,16
EUROCOMACH,92,14
BUICK (USA),92,9
STEINBOCK,91,19
KRAMER TRAKTOREN,91,8
LOMBARDINI ENGINES,90,18
日产(东风日产) / NISSAN (DF.N),90,14
GIANT (TOBROCO MACHINES),88,20
ROMAN S.A. (DAC),88,17
AGRIFULL,87,15
MICHIGAN,86,23
URSUS,85,25
FUCHS (Terex),84,25
YANMAR DIESEL,84,15
RENAULT (USA),84,11
IHC-INTERN.-HOUGH/DRESSER (D),83,20
P + H CO. (HARNISCHFEGER),83,17
COLES CRANES,83,15
PEUGEOT (USA),83,10
FINI,83,7
HYDROVANE,82,15
TESLA MOTORS,82,7
STILL,81,25
雪佛兰(上海通用) / CHEVROLET (SGM),79,18
PROTON,79,14
BERNARD COMPRESSEURS,79,11
ZEPPELIN,78,29
FAUN,77,15
IVECO (FIAT-OM),77,14
JLG,76,18
SCHANZLIN,76,18
BENATI,75,24
JEEP (USA),75,9
MENGELE (CNH GLOBAL/MENGELE),74,21
FERRARI F. TRACTORS,72,15
SCHOPF,71,17
比亚迪 / BYD,70,13
BRAY CONSTRUCTION,69,17
哈弗 / HAVAL,69,7
VW (VOLKSWAGEN) BUS,68,11
KAELBLE,67,33
CARRARO,67,13
YANMAR MARINE DIESEL,67,10
FLOTTMANN,66,15
BONSER,66,12
名爵(上汽) / MG (SAIC),66,12
GREAT WALL,66,11
TOW-MOTOR,66,7
MERCRUISER MARINE ENGINES,65,10
MARSHALL TRACTORS,64,16
LOSENHAUSEN,63,20
RUSTON BUCYRUS,62,25
BCS TRACTORS,62,16
FERRARI,62,4
ROLLS-ROYCE (USA),62,4
GIANNI FERRARI,59,16
CRUSADER MARINE ENGINES,59,5
LEYLAND-DAF,58,20
GOTTWALD,57,12
LISTER ENGINES,57,11
AGRALE-DEUTZ,56,17
ZAZ,56,11
BENTLEY (USA),56,6
CASE-DAVID BROWN (CNH GLOBAL),56,4
MAYBACH (USA),56,3
DAF BUS (VDL BUS GROUP),55,20
MOXY (DOOSAN),55,17
SOLIS,54,14
丰田(广汽丰田) / TOYOTA (GAC. TOY),54,6
MTU,53,19
MACO-MEUDON COMPRESSORS,53,17
CADILLAC,53,15
AUTOSAN,53,13
ECOAIR (IR),53,12
BRISTOL PNEUMATIC,53,10
MULTICAR (HAKO),52,21
FORD OTOSAN,52,16
BMW MARINE POWER,52,13
LINCOLN,52,8
沃尔沃亚太/ VOLVO ASIA,52,8
LIAZ (CZ),52,7
本田(广汽本田) / HONDA (GHAC),51,11
本田(东风本田) / HONDA (DF.HONDA),51,8
IKARUS,50,20
ALBARET,50,12
MASERATI,50,7
AIRMAN,49,20
CUPRA,49,7
FARESIN,48,20
SAMBRON,48,16
OLIVER,48,11
TAMROCK,47,23
SOLBUS (PL),47,12
WELLER,47,11
FARYMANN DIESEL,47,9
STEYR MOTORS (MARINE ENGINES),47,6
DENNIS BUS / ALEXANDER DENNIS,46,21
WESERHUETTE,46,10
RUGGERINI,46,6
HAKO,45,25
PEL JOB,45,13
MECALAC,45,10
DESTA,45,7
RICHIER,44,13
IVECO MOTORS,43,9
荣威(上汽) / ROEWE (SAIC),43,7
CONVEYANCER FORKLIFT TRUCKS,43,4
TONG YANG MOOLSAN (TYM),42,18
BARBER GREENE (CATERPILLAR),42,16
FAI (KOMATSU UTILITY EUROPE),42,11
KRIEGER TRAKTOREN,42,8
CARRIER TRANSICOLD,42,5
HIDROMEK,41,26
ATLAS WEYCOR (ATLAS WEYHAUSEN),41,24
HOLMER,41,10
TOYOTA INDUSTRIAL EQUIPMENT,41,8
COVENTRY CLIMAX,41,6
BLAW KNOX (VOLVO CE),40,20
SUMITOMO,40,14
MAN ENGINES,40,11
BENTLEY,40,9
HOUGH,40,8
RUTHEMEYER,40,7
DODGE (USA),40,6
AVIA (MISA),40,4
KOCKUMS,39,16
BEDFORD,39,11
陕汽重卡 / SHACMAN TRUCK,39,9
YUMBO,38,15
PRIESTMAN,38,14
STOTHERT & PITT,38,14
STAR TRUCKS,38,7
DATSUN,38,6
DROEGMOELLER (VOLVO BUS),38,6
HAVAL,38,6
OMC (OUTBOARD MARINE CORP.),38,5
PRINOTH,37,23
ROPA,37,18
SCANIA ENGINES,37,9
MENZI MUCK,36,22
DOPPSTADT,36,21
OTOKAR,36,17
MUIR HILL,36,9
SAURER,36,9
HANOMAG TRAKTOREN,36,6
ARBOS,36,5
BRIGGS + STRATTON,36,3
BERGMANN,35,16
WHITE,35,12
EDER BAGGER,35,10
SOLE MARINE DIESEL,34,17
徐工 / XCMG,34,13
SCHULZ (Compressors),34,8
BITELLI (CATERPILLAR),34,7
谛艾仕 (长安标致雪铁龙) / DS (CAPSA),34,6
CHRYSLER (USA),34,4
LEYLAND TRACTORS,34,4
斯柯达(上汽大众) / SKODA (SVW),34,2
PETTER,33,13
MAGNI,33,11
YALE,33,10
VETUS MARINE ENGINES,33,7
领克 / LYNK & CO,33,3
柳工 / LIUGONG,32,17
SUNWARD,32,16
WEATHERILL,32,11
AUSA,32,10
SOMECA,32,7
HYDRA-MAC,32,5
凯迪拉克(上海通用) / CADILLAC (SGM),32,4
HYDREMA,31,14
INFINITI (USA),31,8
METRO-CAMMELL-WEYMANN,30,19
RAMMAX (AMMANN GROUP),30,17
BELARUS TRACTORS,30,14
POWER SYSTEM,30,3
LDV LIMITED,29,13
FAST CONCEPT CAR,29,11
ACURA,29,8
KOHLER ENGINE (USA),29,8
NCK RAPIER,29,7
梅赛德斯奔驰(福建) / MERCEDES-BENZ(FDAC),29,6
BELL EQUIPMENT,28,15
SABB MOTOR (MARINE-ENGINES),28,9
LEYLAND-FREIGHT ROVER / LDV,28,7
LEXUS (USA),28,5
JUNGHEINRICH,27,19
MUSTANG,27,10
东风风神 / FENGSHEN,27,10
BLOCK COMPRESSORS,27,8
BOTTARINI,27,6
BALMA COMPRESSORS,27,5
捷途(奇瑞) / JETOUR,27,3
江淮汽车 / JAC,27,3
ALMiG,27,2
KRONE,26,16
MENCK + HAMBROCK,26,11
MIAG,26,8
MAHLE COMPRESSORS,26,6
LAMBORGHINI AUTOMOBILI,26,4
AS-MOTOR,26,2
SANDVIK,25,14
BANTAM,25,7
BUESSING,25,6
东风柳汽 / Dongfeng Liuzhou,25,2
HOKUETSU,24,18
ATMOS,24,13
LEYLAND ENGINES,24,11
LOTUS,24,10
WERNER WF TRAC,24,9
BUICK,24,6
HATRA,24,6
NISSAN (USA),24,4
BERNA,24,3
TITAN KATO,24,2
KAWASAKI,23,16
TERBERG,23,13
IVECO (UNIC),23,10
PONTIAC,23,10
马自达(一汽马自达) / MAZDA (FAW.M),23,9
CADILLAC (USA),23,5
MICROCAR (BENETEAU GROUP),23,5
GRADALL,23,3
DITCH WITCH,22,14
BOSCH KOMPRESSOREN,22,7
夏利 / XIALI,22,6
SVW SHANGHAI VW,22,5
SOLIDAIR,22,3
青岛解放 / FAW JIEFANG QINGDAO,22,3
魏派 / WEY,22,2
BUKH,21,6
AWD,21,5
CHRIS-CRAFT MARINE ENGINES,21,4
SCAMMELL,21,3
LEITNER,20,11
NANNI DIESEL,20,9
RAM (USA),20,6
DAF ENGINES,20,5
EVINRUDE MARINE,20,5
GMC TRUCK (USA),20,5
JOHN DEERE POWER SYSTEMS,20,5
雷诺(东风雷诺) / RENAULT(DF.RENAULT),20,5
DODICH,19,13
VOLGA / GAZ,19,8
FSO MOTOR,19,5
RENNER KOMPRESSOREN,19,5
VW MARINE,19,4
AXECO COMPRESSORS,18,10
RIGITRAC,18,10
STERLING,18,10
AGRIA,18,9
WHITLOCK,18,8
HENLEY FORKLIFT,18,7
ZF,18,6
DEXHEIMER TRAKTOREN,18,5
CLEVELAND (CHAMPION),18,4
吉普 (广汽菲克) / JEEP (GAC),18,2
BRAUD,17,10
CHAMPION,17,9
LIBRA,17,6
三菱 (广汽三菱) / MITSUBISHI (GMMC),17,6
中国商用车发动机/China CV Engine,17,6
GROSS BAGGER,17,5
ALBAJAR (IASA),17,4
DORMAN ENGINES,17,4
福田商用车/ FOTON COMM. VEHICLE,16,6
TCM,16,4
TORO,16,4
TATA MOTORS,16,3
DECHENTREITER,16,2
捷豹(奇瑞捷豹路虎) / JAGUAR (JLR),16,2
ZASTAVA,15,12
WACKER (WACKER NEUSON),15,9
WHITE MOTOR,15,8
PELLENC,15,7
ROSTSELMASH,15,6
MAZ,15,5
HONDA MARINE,15,4
PNEUMOFORE Vacuum Pumps,15,4
CLEVELAND TRENCHERS,15,3
DALGAKIRAN COMPRESSORS,15,2
ROLLS-ROYCE,15,2
凯翼汽车 / COWIN,15,2
PADANE (OFFICINE PADANE),14,10
PLAXTON BUS,14,10
SANTANA MOTOR,14,10
BOGDAN BUSES,14,7
PUTZMEISTER,14,7
BOMBARDIER,14,6
DIMEX,14,6
马自达(长安马自达) / MAZDA (CHANG.M),14,5
星途(奇瑞) / EXEED (CHERY),14,3
RATRAC,13,11
INNOCENTI,13,8
ARO,13,7
ASKAM,13,7
HOES,13,5
LINDE HYDRAULIK,13,5
ORLANDI (IVECO BUS),13,5
COMMER,13,4
DAEWOO - FS LUBLIN,13,3
HYDRO,13,3
MATTEI,13,3
PONTIAC (USA),13,2
TOFAS,13,2
KAERCHER,13,1
SAMSUNG,12,11
FORTSCHRITT (CNH GLOBAL/MDW),12,8
BASE VAC Dental systems,12,6
BERGMEISTER (HIEBLE),12,6
DINGLER,12,6
ASTON MARTIN,12,5
HATTAT,12,5
PONSSE,12,5
沃尔沃(长安福特) / VOLVO (CHANG.F),12,5
BUCHER (BUCHER-SCHOERLING),12,4
LIGIER AUTOMOBILES,12,4
PERKINS-SABRE MARINE ENGINES,12,4
BUCHER (BUCHER-GUYER),12,3
HANOMAG RHEINSTAHL,12,2
MARINER MARINE,12,2
MERCURY MARINE,12,2
BERGTECHNIK,11,8
PERODUA,11,7
MOSKVITCH,11,6
SAUERBURGER,11,5
KTM,11,3
JAWA,11,2
SCION (USA),11,2
MITSUBISHI MARINE,11,1
VERSATILE,10,9
DONGFENG,10,8
LOVOL,10,6
PIAGGIO / VESPA,10,5
CHANGAN,10,4
IRMSCHER,10,4
福特 (江铃) / FORD (JMC),10,4
HERCULES ENGINES,10,3
欧拉 (长城) / ORA,10,3
OMODA,10,2
ALLISON,10,1
MANITOWOC,10,1
UNAC,9,8
THOMAS,9,7
GMC / DETROIT DIESEL,9,6
EPPLE,9,4
MEGA (AIXAM-MEGA FRANCE),9,4
ROTORCOMP,9,4
BIG BUD,9,3
BM TRACTORS,9,3
三菱 (北京吉普) / MITSUBISHI (BJC),9,3
东风商用车 / DONGFENG COMM. VEHICLE,9,2
LINCOLN (USA),9,1
SAVA,9,1
ARMOURWELD,8,8
CHETRA,8,8
BERZONI,8,6
LONDON TAXI INTERNATIONAL,8,6
INDCAR BUSES,8,5
LANZ,8,5
FIAT-KOBELCO,8,4
五菱 (上汽通用五菱) / WULING (SGMW),8,4
铃木(长安铃木) / SUZUKI (CHANGAN.SU),8,4
JAECOO,8,3
一汽锡柴发动机 / FAWDE ENGINE,8,3
启辰(东风) / VENUCIA (DF.N),8,3
风神 / AEOLUS,8,3
CURTISS-WRIGHT,8,2
DAEWOO (USA),8,2
SAETA,8,2
中国重汽 / CNHTC SINOTRUK,8,2
五十铃 (江西) / ISUZU (JIANGXI),8,2
HERTZ Compressors,8,1
菲亚特(南京菲亚特) / FIAT (NANJING.F),8,1
GUTBROD TRACTORS,7,7
BELLE,7,6
MORGAN,7,6
RAM,7,6
WEBASTO - SPHEROS,7,6
康明斯发动机 / CUMMINS ENGINE,7,6
BRITISH JEFFREY DIAMOND,7,4
COMBILIFT,7,4
FSM POLEN,7,4
MERCEDES-BENZ BUSES (MX),7,4
TRIUMPH (USA),7,4
重汽王牌 / CNHTC CDW TRUCK,7,4
OLTCIT,7,3
ROTTNE,7,3
ZHONGHUA (BRILLIANCE),7,3
广汽乘用车 (中国) / GAC MOTOR (CN),7,3
FENWICK,7,2
MAZDA (USA),7,2
宝骏 (上汽通用五菱) / BAOJUN (SGMW),7,1
玉柴发动机 / YUCHAI ENGINE,7,1
BAUER,6,6
HELI,6,6
BUEHRER TRAKTOREN,6,5
VENIERI,6,5
ETEC BAGGER,6,4
KRUPP,6,4
SLANZI,6,4
FORD BUS,6,3
MMZ (MINSK MOTOR PLANT),6,3
UZ-DAEWOO,6,3
KONVEKTA,6,2
LIMB,6,2
BALKANCAR,6,1
FAMSA,6,1
MITSUBISHI (USA),6,1
Stewart & Stevenson,6,1
SUZUKI MARINE,6,1
开山 / KAITEC,6,1
路虎(奇瑞捷豹路虎) / LAND ROVER(JLR),6,1
ASHOK LEYLAND,5,5
TROUILLET,5,5
WIESMANN,5,4
力帆汽车 (中国) / LIFAN (CN),5,4
重汽豪沃 / CNHTC HOWO TRUCK,5,4
BENMAC,5,3
RENK TRANSMISSION,5,3
林肯(长安林肯) / LINCOLN (CHANGAN),5,3
潍柴 / WEICHAI,5,3
重汽豪瀚 / CNHTC HAOHAN TRUCK,5,3
E.-ATV,5,2
HONDA ENGINES,5,2
一汽卡车 / FAW TRUCK,5,2
AC CAR GROUP LTD,5,1
BORGWARD,5,1
BYD,5,1
FORD (USA) (JP),5,1
NISSAN MARINE,5,1
TOHATSU MARINE,5,1
GREGOIRE,4,4
GRUAU MICROBUS,4,4
KAISER-Fahrzeugtechnik,4,4
MESSERSI,4,4
MST,4,4
SAMPO ROSENLEW,4,4
TAGAZ,4,4
极星 / POLESTAR (进口),4,4
AYATS BUSES,4,3
Develon,4,3
DONGNAN,4,3
HAGIE (Self-Propelled Sprayer),4,3
MOROOKA,4,3
P.V.R. Vacuum Pumps,4,3
WEBER MT,4,3
ARONA ENGINES,4,2
BARMEC RANGER,4,2
BITTER,4,2
DAEWOO,4,2
DAVEY COMPRESSORS,4,2
HUSQVARNA (ATVs + Quads),4,2
LORRAINE (PLAXTON),4,2
MAFERSA,4,2
MG (USA),4,2
STEIGER,4,2
TAYLOR MACHINE,4,2
TIGERCAT,4,2
ZANELLO,4,2
克莱斯勒(北京奔驰) / CHRYSLER (BBDC),4,2
大运重卡 / DAYUN,4,2
GILERA,4,1
JOHNSON MARINE,4,1
LAVERDA (MOTORBIKE),4,1
RUSTON HORNSBY/PAXMAN,4,1
奥迪 (上汽奥迪) / AUDI (SAIC),4,1
海马 / HAIMA,4,1
英格索兰 / INGERSOLL-RAND,4,1
ALSTHOM,3,3
ARMATRAC,3,3
BERTOLINI,3,3
BETICO,3,3
BUEHLER,3,3
EBERSPÄCHER SÜTRAK,3,3
EL DETALLE,3,3
VALMET MARINE ENGINES (SISU),3,3
北京越野/BAIC-ORV,3,3
福田 (中国) / FOTON (CN),3,3
重汽发动机 / CNHTC Engine,3,3
龙工 / LONKING,3,3
APACHE,3,2
ASIA MOTORS,3,2
BAUTZ,3,2
HURTH MARINE TRANSMISSION,3,2
华泰 (中国) / HUATAI (CN),3,2
日产(郑州日产) / NISSAN(ZHENGZHOU.N),3,2
猎豹 (中国) / LIEBAO (CN),3,2
理念/EVERUS,3,2
AKSA,3,1
BASAK TRACTORS,3,1
GURGEL,3,1
KIENER,3,1
Knox Kershaw,3,1
LETOURNEAU,3,1
OEAF (OESTERR. AUTOMOBILFABR.),3,1
PININFARINA,3,1
TOYOTA (JP),3,1
TRABANT,3,1
三菱 (东南) / MITSUBISHI (DONGNAN),3,1
上汽大通/MAXUS,3,1
中国重汽VGV / VGV,3,1
北奔重卡 / BEIBEN TRUCK,3,1
江淮卡车/JAC TRUCK,3,1
瑞风 / REFINE,3,1
莲花汽车 / LOTUS (YOUNGMAN),3,1
重汽汕德卡 / CNHTC SITRAK TRUCK,3,1
风光 / FENGON,3,1
AGRALE-BUS,2,2
AILSA CRAIG / ALBIN,2,2
BAUDOUIN,2,2
BHARATBENZ,2,2
BUCYRUS-ERIE,2,2
EWK-EISENWERKE KAISERSLAUTERN,2,2
FIAT POWERTRAIN (FTP),2,2
FICHTEL & SACHS,2,2
HERKULES (TELSNIG),2,2
JCB GENERATORS,2,2
KATO IMER,2,2
NORDBERG,2,2
OTOSAN,2,2
PAUNY ZANELLO,2,2
PPM,2,2
SHIBAURA,2,2
VEB (IFA) FAHRZEUGWERKE,2,2
VETTER,2,2
VOLVO EICHER (VECV),2,2
ZANELLA,2,2
住友 / SUMITOMO,2,2
庆铃五十铃/ISUZU (QINGLING),2,2
江铃汽车(中国) / JIANGLING (CN),2,2
红旗 (一汽)/HONGQI,2,2
路特斯 / LOTUS (进口),2,2
BENELLI,2,1
DOMAIN INTERNATIONAL,2,1
GNUTTI,2,1
GRECAV,2,1
INTERNATIONAL HARVESTER,2,1
KUKJE MACHINERY,2,1
KYUNGWON,2,1
LIXIANG,2,1
MDI / YUTANI,2,1
OWATONNA,2,1
PRAMAC,2,1
RIVIAN,2,1
SATURN (USA),2,1
SPORTEQUIPE (DR),2,1
VW-PORSCHE,2,1
ZUENDAPP,2,1
上柴发动机 / SHANGHAI DIESEL ENGINE,2,1
东风小康 / DONGFENG XIAOKANG,2,1
东风风行 / FORTHING,2,1
几何汽车 / GEOMETRY,2,1
大连道依茨发动机/DEUTZ DALIAN ENGINE,2,1
奔腾 (一汽) / BESTURN (FAW) / BESTUNE,2,1
欧洲之星 (青年莲花) / EUROPESTAR,2,1
海格汽车/HIGER,2,1
英菲尼迪(东风) / INFINITI (DF),2,1
里其乐 / RIETSCHLE,2,1
ACE (ACTION CONSTR. EQUIPMENT),1,1
ACURA (USA),1,1
ASTARSA,1,1
BAJAJ,1,1
BERTONE,1,1
CHATENET AUTOMOBILES,1,1
CHINOOCK COMPRESSORS,1,1
DAELIM,1,1
DEERE (JOHN DEERE),1,1
DERWAYS,1,1
DEWULF,1,1
FRUEHAUF,1,1
FSD,1,1
GEHLMAX,1,1
GENESIS,1,1
HINDUSTAN MOTORS,1,1
HONDA (USA),1,1
ISH (ISHMACH RUSSIA),1,1
JDM (SIMPA-JDM),1,1
KNORR-BREMSE,1,1
KOEDEL & BOEHM,1,1
MANCINI,1,1
MANISCOPE,1,1
MARNA MOTOR AS,1,1
MEILI,1,1
MOTO GUZZI,1,1
OLDSMOBILE,1,1
PERLINI,1,1
PUMA,1,1
RELIANCE,1,1
SALEV,1,1
SATURN (GM),1,1
Teupen,1,1
TROLLER,1,1
TVR ENGINEERING LTD,1,1
TYM Tractors,1,1
UAZ,1,1
UNC,1,1
YAGMUR,1,1
ZINORO,1,1
一汽 (吉林) / FAW (JILIN),1,1
东风风度 / FENGDU,1,1
乐机 / ELGI,1,1
华菱汉马 / CAMC,1,1
厦工 / XGMA,1,1
坦克/TANK,1,1
巴博斯 (进口) / BRABUS,1,1
常林 / CHANGLIN,1,1
新宝骏(上汽通用五菱) / NEW BAOJUN (SGMW),1,1
枫叶汽车 / MAPLE,1,1
现代(华泰现代) / HYUNDAI (HUATAI.H),1,1
观致汽车 / QOROS,1,1
铃木(昌河铃木) / SUZUKI (CHANGHE.SU),1,1
飞凡汽车/R AUTO,1,1
