sku,policy,error,codigo_base,duty,filter_type,technology,catalog_active_in_5441,scope_reason_in_5441,canonical_source_brand,canonical_source_code,created_in_5441,equipment_apps,oem_codes,competitor_codes,catalog_skus_same_codigo_base
EH61875,ALTERNATE_INTEGRITY,ALTERNATE_INTEGRITY: cross-column duplicates are forbidden for SKU EH61875,DBH5875,HEAVY_DUTY,hydraulic,NANOFORCE™,true,,DONALDSON,DBH5875,2026-05-31,467,1361,95,EH65875
EH62096,ALTERNATE_INTEGRITY,ALTERNATE_INTEGRITY: cross-column duplicates are forbidden for SKU EH62096,P551096,HEAVY_DUTY,hydraulic,NANOFORCE™,true,,DONALDSON,P551096,2026-05-31,38,29,9,EH61096
EH62142,ALTERNATE_INTEGRITY,ALTERNATE_INTEGRITY: cross-column duplicates are forbidden for SKU EH62142,P551142,HEAVY_DUTY,hydraulic,NANOFORCE™,true,,DONALDSON,P551142,2026-05-31,224,85,72,EH61142
EH62183,ALTERNATE_INTEGRITY,ALTERNATE_INTEGRITY: cross-column duplicates are forbidden for SKU EH62183,P561183,HEAVY_DUTY,hydraulic,NANOFORCE™,true,,DONALDSON,P561183,2026-05-31,365,1433,149,EH61183
EH62200,ALTERNATE_INTEGRITY,ALTERNATE_INTEGRITY: cross-column duplicates are forbidden for SKU EH62200,P551200,HEAVY_DUTY,hydraulic,NANOFORCE™,true,,DONALDSON,P551200,2026-05-31,7,26,17,EH61200
EH62204,ALTERNATE_INTEGRITY,ALTERNATE_INTEGRITY: cross-column duplicates are forbidden for SKU EH62204,P551204,HEAVY_DUTY,hydraulic,NANOFORCE™,true,,DONALDSON,P551204,2026-05-31,20,14,15,EH61204
EH62361,ALTERNATE_INTEGRITY,ALTERNATE_INTEGRITY: cross-column duplicates are forbidden for SKU EH62361,P571361,HEAVY_DUTY,hydraulic,NANOFORCE™,true,,DONALDSON,P571361,2026-05-31,20,159,22,EH61361
EH62527,ALTERNATE_INTEGRITY,ALTERNATE_INTEGRITY: cross-column duplicates are forbidden for SKU EH62527,P171527,HEAVY_DUTY,hydraulic,NANOFORCE™,true,,DONALDSON,P171527,2026-05-31,7,136,36,EH61527
EH62529,ALTERNATE_INTEGRITY,ALTERNATE_INTEGRITY: cross-column duplicates are forbidden for SKU EH62529,P171529,HEAVY_DUTY,hydraulic,NANOFORCE™,true,,DONALDSON,P171529,2026-05-31,7,133,30,EH61529
EH62553,ALTERNATE_INTEGRITY,ALTERNATE_INTEGRITY: cross-column duplicates are forbidden for SKU EH62553,P551553,HEAVY_DUTY,hydraulic,NANOFORCE™,true,,DONALDSON,P551553,2026-05-31,489,488,307,EH61553
EH62558,ALTERNATE_INTEGRITY,ALTERNATE_INTEGRITY: cross-column duplicates are forbidden for SKU EH62558,P171558,HEAVY_DUTY,hydraulic,NANOFORCE™,true,,DONALDSON,P171558,2026-05-31,13,142,46,EH61558
EH62567,ALTERNATE_INTEGRITY,ALTERNATE_INTEGRITY: cross-column duplicates are forbidden for SKU EH62567,P171567,HEAVY_DUTY,hydraulic,NANOFORCE™,true,,DONALDSON,P171567,2026-05-31,13,35,21,EH61567
EH62600,ALTERNATE_INTEGRITY,ALTERNATE_INTEGRITY: cross-column duplicates are forbidden for SKU EH62600,P171600,HEAVY_DUTY,hydraulic,NANOFORCE™,true,,DONALDSON,P171600,2026-05-31,378,16,8,EH61600
EH62604,ALTERNATE_INTEGRITY,ALTERNATE_INTEGRITY: cross-column duplicates are forbidden for SKU EH62604,P171604,HEAVY_DUTY,hydraulic,NANOFORCE™,true,,DONALDSON,P171604,2026-05-31,4,10,10,EH61604
EH62606,ALTERNATE_INTEGRITY,ALTERNATE_INTEGRITY: cross-column duplicates are forbidden for SKU EH62606,P171606,HEAVY_DUTY,hydraulic,NANOFORCE™,true,,DONALDSON,P171606,2026-05-31,9,20,18,EH61606
EH62607,ALTERNATE_INTEGRITY,ALTERNATE_INTEGRITY: cross-column duplicates are forbidden for SKU EH62607,P171607,HEAVY_DUTY,hydraulic,NANOFORCE™,true,,DONALDSON,P171607,2026-05-31,378,8,9,EH61607
EH62613,ALTERNATE_INTEGRITY,ALTERNATE_INTEGRITY: cross-column duplicates are forbidden for SKU EH62613,P171613,HEAVY_DUTY,hydraulic,NANOFORCE™,true,,DONALDSON,P171613,2026-05-31,221,34,20,EH61613
EH62617,ALTERNATE_INTEGRITY,ALTERNATE_INTEGRITY: cross-column duplicates are forbidden for SKU EH62617,P171617,HEAVY_DUTY,hydraulic,NANOFORCE™,true,,DONALDSON,P171617,2026-05-31,378,10,8,EH61617
EH62738,ALTERNATE_INTEGRITY,ALTERNATE_INTEGRITY: cross-column duplicates are forbidden for SKU EH62738,P171738,HEAVY_DUTY,hydraulic,NANOFORCE™,true,,DONALDSON,P171738,2026-05-31,1,24,15,EH61738
EH62739,ALTERNATE_INTEGRITY,ALTERNATE_INTEGRITY: cross-column duplicates are forbidden for SKU EH62739,P171739,HEAVY_DUTY,hydraulic,NANOFORCE™,true,,DONALDSON,P171739,2026-05-31,1,24,16,EH61739
EH62830,ALTERNATE_INTEGRITY,ALTERNATE_INTEGRITY: cross-column duplicates are forbidden for SKU EH62830,P171830,HEAVY_DUTY,hydraulic,NANOFORCE™,true,,DONALDSON,P171830,2026-05-31,14,40,7,EH61830
EH63237,ALTERNATE_INTEGRITY,ALTERNATE_INTEGRITY: cross-column duplicates are forbidden for SKU EH63237,P562237,HEAVY_DUTY,hydraulic,NANOFORCE™,true,,DONALDSON,P562237,2026-05-31,378,2,2,EH62237
EH63242,ALTERNATE_INTEGRITY,ALTERNATE_INTEGRITY: cross-column duplicates are forbidden for SKU EH63242,P562242,HEAVY_DUTY,hydraulic,NANOFORCE™,true,,DONALDSON,P562242,2026-05-31,378,2,1,EH62242
EH63274,ALTERNATE_INTEGRITY,ALTERNATE_INTEGRITY: cross-column duplicates are forbidden for SKU EH63274,P562274,HEAVY_DUTY,hydraulic,NANOFORCE™,true,,DONALDSON,P562274,2026-05-31,378,4,2,EH62274
EH63410,ALTERNATE_INTEGRITY,ALTERNATE_INTEGRITY: cross-column duplicates are forbidden for SKU EH63410,P552410,HEAVY_DUTY,hydraulic,NANOFORCE™,true,,DONALDSON,P552410,2026-05-31,53,38,39,EH62410
EH63412,ALTERNATE_INTEGRITY,ALTERNATE_INTEGRITY: cross-column duplicates are forbidden for SKU EH63412,P552412,HEAVY_DUTY,hydraulic,NANOFORCE™,true,,DONALDSON,P552412,2026-05-31,3,45,32,EH62412
EH63421,ALTERNATE_INTEGRITY,ALTERNATE_INTEGRITY: cross-column duplicates are forbidden for SKU EH63421,P561421,HEAVY_DUTY,hydraulic,NANOFORCE™,true,,DONALDSON,P561421,2026-05-31,378,4,2,EH61421
EH63465,ALTERNATE_INTEGRITY,ALTERNATE_INTEGRITY: cross-column duplicates are forbidden for SKU EH63465,P172465,HEAVY_DUTY,hydraulic,NANOFORCE™,true,,DONALDSON,P172465,2026-05-31,28,101,56,EH62465
EH63592,ALTERNATE_INTEGRITY,ALTERNATE_INTEGRITY: cross-column duplicates are forbidden for SKU EH63592,P171592,HEAVY_DUTY,hydraulic,NANOFORCE™,true,,DONALDSON,P171592,2026-05-31,378,8,4,EH61592
EH64222,ALTERNATE_INTEGRITY,ALTERNATE_INTEGRITY: cross-column duplicates are forbidden for SKU EH64222,P562222,HEAVY_DUTY,hydraulic,NANOFORCE™,true,,DONALDSON,P562222,2026-05-31,378,2,1,EH62222
EH64245,ALTERNATE_INTEGRITY,ALTERNATE_INTEGRITY: cross-column duplicates are forbidden for SKU EH64245,P171245,HEAVY_DUTY,hydraulic,NANOFORCE™,true,,DONALDSON,P171245,2026-05-31,20,7,7,EH61245
EH64267,ALTERNATE_INTEGRITY,ALTERNATE_INTEGRITY: cross-column duplicates are forbidden for SKU EH64267,P763267,HEAVY_DUTY,hydraulic,NANOFORCE™,true,,DONALDSON,P763267,2026-05-31,25,4,2,EH63267
EH64415,ALTERNATE_INTEGRITY,ALTERNATE_INTEGRITY: cross-column duplicates are forbidden for SKU EH64415,P763415,HEAVY_DUTY,hydraulic,NANOFORCE™,true,,DONALDSON,P763415,2026-05-31,32,8,7,EH63415
EH64461,ALTERNATE_INTEGRITY,ALTERNATE_INTEGRITY: cross-column duplicates are forbidden for SKU EH64461,P552461,HEAVY_DUTY,hydraulic,NANOFORCE™,true,,DONALDSON,P552461,2026-05-31,69,34,24,EH62461
EH65542,ALTERNATE_INTEGRITY,ALTERNATE_INTEGRITY: cross-column duplicates are forbidden for SKU EH65542,P502542,HEAVY_DUTY,hydraulic,NANOFORCE™,true,,DONALDSON,P502542,2026-05-31,1,20,11,EH62542
EH65610,ALTERNATE_INTEGRITY,ALTERNATE_INTEGRITY: cross-column duplicates are forbidden for SKU EH65610,P171610,HEAVY_DUTY,hydraulic,NANOFORCE™,true,,DONALDSON,P171610,2026-05-31,11,21,20,EH61610
EH65812,ALTERNATE_INTEGRITY,ALTERNATE_INTEGRITY: cross-column duplicates are forbidden for SKU EH65812,P164812,HEAVY_DUTY,hydraulic,NANOFORCE™,true,,DONALDSON,P164812,2026-05-31,1,38,23,EH64812
EH66610,ALTERNATE_INTEGRITY,ALTERNATE_INTEGRITY: cross-column duplicates are forbidden for SKU EH66610,P174610,HEAVY_DUTY,hydraulic,NANOFORCE™,true,,DONALDSON,P174610,2026-05-31,2,16,14,EH64610
EH67461,ALTERNATE_INTEGRITY,ALTERNATE_INTEGRITY: cross-column duplicates are forbidden for SKU EH67461,P555461,HEAVY_DUTY,hydraulic,NANOFORCE™,true,,DONALDSON,P555461,2026-05-31,115,135,79,EH65461
EH62061,APPLICATION_POLICY_V1,APPLICATION_POLICY_V1: SKU EH62061 application governance version missing or invalid,EB1061,HEAVY_DUTY,hydraulic,NANOFORCE™,true,,DONALDSON,EB1061,2026-05-31,378,0,0,EH61061
EH62366,APPLICATION_POLICY_V1,APPLICATION_POLICY_V1: SKU EH62366 application governance version missing or invalid,P571366,HEAVY_DUTY,hydraulic,NANOFORCE™,true,,DONALDSON,P571366,2026-05-31,378,0,0,EH61366
EH62401,APPLICATION_POLICY_V1,APPLICATION_POLICY_V1: SKU EH62401 application governance version missing or invalid,P561401,HEAVY_DUTY,hydraulic,NANOFORCE™,true,,DONALDSON,P561401,2026-05-31,378,0,0,EH61401
EH62481,APPLICATION_POLICY_V1,APPLICATION_POLICY_V1: SKU EH62481 application governance version missing or invalid,P581481,HEAVY_DUTY,hydraulic,NANOFORCE™,true,,DONALDSON,P581481,2026-05-31,1,52,4,EH61481
EH63235,APPLICATION_POLICY_V1,APPLICATION_POLICY_V1: SKU EH63235 application governance version missing or invalid,P562235,HEAVY_DUTY,hydraulic,NANOFORCE™,true,,DONALDSON,P562235,2026-05-31,378,0,0,EH62235
EH63244,APPLICATION_POLICY_V1,APPLICATION_POLICY_V1: SKU EH63244 application governance version missing or invalid,P562244,HEAVY_DUTY,hydraulic,NANOFORCE™,true,,DONALDSON,P562244,2026-05-31,378,0,0,EH62244
EH63247,APPLICATION_POLICY_V1,APPLICATION_POLICY_V1: SKU EH63247 application governance version missing or invalid,P562247,HEAVY_DUTY,hydraulic,NANOFORCE™,true,,DONALDSON,P562247,2026-05-31,378,0,0,EH62247
EH63275,APPLICATION_POLICY_V1,APPLICATION_POLICY_V1: SKU EH63275 application governance version missing or invalid,P562275,HEAVY_DUTY,hydraulic,NANOFORCE™,true,,DONALDSON,P562275,2026-05-31,378,0,0,EH62275
EH63313,APPLICATION_POLICY_V1,APPLICATION_POLICY_V1: SKU EH63313 application governance version missing or invalid,P571313,HEAVY_DUTY,hydraulic,NANOFORCE™,true,,DONALDSON,P571313,2026-05-31,378,0,0,EH61313
EH63323,APPLICATION_POLICY_V1,APPLICATION_POLICY_V1: SKU EH63323 application governance version missing or invalid,P582323,HEAVY_DUTY,hydraulic,NANOFORCE™,true,,DONALDSON,P582323,2026-05-31,5,0,0,EH62323
EH63327,APPLICATION_POLICY_V1,APPLICATION_POLICY_V1: SKU EH63327 application governance version missing or invalid,P582327,HEAVY_DUTY,hydraulic,NANOFORCE™,true,,DONALDSON,P582327,2026-05-31,378,0,0,EH62327
EH64308,APPLICATION_POLICY_V1,APPLICATION_POLICY_V1: SKU EH64308 application governance version missing or invalid,P063308,HEAVY_DUTY,hydraulic,NANOFORCE™,true,,DONALDSON,P063308,2026-05-31,378,0,0,EH63308
EH64542,APPLICATION_POLICY_V1,APPLICATION_POLICY_V1: SKU EH64542 application governance version missing or invalid,P561542,HEAVY_DUTY,hydraulic,NANOFORCE™,true,,DONALDSON,P561542,2026-05-31,378,0,0,EH61542
ET90103,CATALOG_POLICY_V32,CATALOG_POLICY_V32: HD SKU ET90103 approved fallback code needs at least four numeric digits,HA103,HEAVY_DUTY,fuel,TURBOCORE™,false,EXCLUDED_HARDWARE_ONLY_FLEETGUARD_FUEL_FILTER_HEADS,FLEETGUARD,HA103,2026-09-16,0,0,0,
ET90108,CATALOG_POLICY_V32,CATALOG_POLICY_V32: HD SKU ET90108 approved fallback code needs at least four numeric digits,FH108,HEAVY_DUTY,fuel,TURBOCORE™,true,INCLUDED_FLEETGUARD_FUEL_MODULE,FLEETGUARD,FH108,2026-09-16,0,0,0,
ET90111,CATALOG_POLICY_V32,CATALOG_POLICY_V32: HD SKU ET90111 approved fallback code needs at least four numeric digits,FH111,HEAVY_DUTY,fuel,TURBOCORE™,true,INCLUDED_FLEETGUARD_FUEL_MODULE,FLEETGUARD,FH111,2026-09-16,0,0,0,
ET90112,CATALOG_POLICY_V32,CATALOG_POLICY_V32: HD SKU ET90112 approved fallback code needs at least four numeric digits,FH112,HEAVY_DUTY,fuel,TURBOCORE™,true,INCLUDED_FLEETGUARD_FUEL_MODULE,FLEETGUARD,FH112,2026-09-16,0,0,0,
ET90116,CATALOG_POLICY_V32,CATALOG_POLICY_V32: HD SKU ET90116 approved fallback code needs at least four numeric digits,FH116,HEAVY_DUTY,fuel,TURBOCORE™,true,INCLUDED_FLEETGUARD_FUEL_MODULE,FLEETGUARD,FH116,2026-09-16,11,0,0,
ET90125,CATALOG_POLICY_V32,CATALOG_POLICY_V32: HD SKU ET90125 approved fallback code needs at least four numeric digits,FH125,HEAVY_DUTY,fuel,TURBOCORE™,false,EXCLUDED_HARDWARE_ONLY_FLEETGUARD_FUEL_FILTER_HEADS,FLEETGUARD,FH125,2026-09-16,0,1,0,
ET90126,CATALOG_POLICY_V32,CATALOG_POLICY_V32: HD SKU ET90126 approved fallback code needs at least four numeric digits,FH126,HEAVY_DUTY,fuel,TURBOCORE™,false,EXCLUDED_HARDWARE_ONLY_FLEETGUARD_FUEL_FILTER_HEADS,FLEETGUARD,FH126,2026-09-16,0,1,0,
ET90171,CATALOG_POLICY_V32,CATALOG_POLICY_V32: HD SKU ET90171 approved fallback code needs at least four numeric digits,FH171,HEAVY_DUTY,fuel,TURBOCORE™,true,INCLUDED_FLEETGUARD_FUEL_MODULE,FLEETGUARD,FH171,2026-09-16,0,0,0,
