sku,make,model,equipment,type,engine,year,base,lane,action,write_allowed
"EL88076","ISUZU","NPR-HD","NPR-HD","TRUCK","4HK1-TC","2019","P848076","EVIDENCE_REQUIRED","Revalidate official Isuzu/Donaldson application chain","false"
"EL88076","ISUZU","NPR-HD","NPR-HD","TRUCK","4HK1-TC","2020","P848076","EVIDENCE_REQUIRED","Revalidate official Isuzu/Donaldson application chain","false"
"EL88076","ISUZU","NPR-HD","NPR-HD","TRUCK","4HK1-TC","2021","P848076","EVIDENCE_REQUIRED","Revalidate official Isuzu/Donaldson application chain","false"
"EL88076","ISUZU","NPR-HD","NPR-HD","TRUCK","4HK1-TC","2022","P848076","EVIDENCE_REQUIRED","Revalidate official Isuzu/Donaldson application chain","false"
"EL88076","ISUZU","NPR-HD","NPR-HD","TRUCK","4HK1-TC","2023","P848076","EVIDENCE_REQUIRED","Revalidate official Isuzu/Donaldson application chain","false"
"EL88076","ISUZU","NPR-HD","NPR-HD","TRUCK","4HK1-TC","2024","P848076","EVIDENCE_REQUIRED","Revalidate official Isuzu/Donaldson application chain","false"
"EL88076","ISUZU","NPR-HD","NPR-HD","TRUCK","4HK1-TC","2025","P848076","EVIDENCE_REQUIRED","Revalidate official Isuzu/Donaldson application chain","false"
"EL88076","ISUZU","NPR-HD","NPR-HD","TRUCK","4HK1-TC","2026","P848076","EVIDENCE_REQUIRED","Revalidate official Isuzu/Donaldson application chain","false"
"EL88076","ISUZU","NPR-XD","NPR-XD","TRUCK","4HK1-TC","2017","P848076","EVIDENCE_REQUIRED","Revalidate official Isuzu/Donaldson application chain","false"
"EL88076","ISUZU","NPR-XD","NPR-XD","TRUCK","4HK1-TC","2018","P848076","EVIDENCE_REQUIRED","Revalidate official Isuzu/Donaldson application chain","false"
"EL88076","ISUZU","NPR-XD","NPR-XD","TRUCK","4HK1-TC","2019","P848076","EVIDENCE_REQUIRED","Revalidate official Isuzu/Donaldson application chain","false"
"EL88076","ISUZU","NPR-XD","NPR-XD","TRUCK","4HK1-TC","2020","P848076","EVIDENCE_REQUIRED","Revalidate official Isuzu/Donaldson application chain","false"
"EL88076","ISUZU","NPR-XD","NPR-XD","TRUCK","4HK1-TC","2021","P848076","EVIDENCE_REQUIRED","Revalidate official Isuzu/Donaldson application chain","false"
"EL88076","ISUZU","NPR-XD","NPR-XD","TRUCK","4HK1-TC","2022","P848076","EVIDENCE_REQUIRED","Revalidate official Isuzu/Donaldson application chain","false"
"EL88076","ISUZU","NPR-XD","NPR-XD","TRUCK","4HK1-TC","2023","P848076","EVIDENCE_REQUIRED","Revalidate official Isuzu/Donaldson application chain","false"
"EL88076","ISUZU","NPR-XD","NPR-XD","TRUCK","4HK1-TC","2024","P848076","EVIDENCE_REQUIRED","Revalidate official Isuzu/Donaldson application chain","false"
"EL88076","ISUZU","NPR-XD","NPR-XD","TRUCK","4HK1-TC","2025","P848076","EVIDENCE_REQUIRED","Revalidate official Isuzu/Donaldson application chain","false"
"EL88076","ISUZU","NPR-XD","NPR-XD","TRUCK","4HK1-TC","2026","P848076","EVIDENCE_REQUIRED","Revalidate official Isuzu/Donaldson application chain","false"
"EL88076","ISUZU","NQR","NQR","TRUCK","4HK1-TC","2017","P848076","EVIDENCE_REQUIRED","Revalidate official Isuzu/Donaldson application chain","false"
"EL88076","ISUZU","NQR","NQR","TRUCK","4HK1-TC","2018","P848076","EVIDENCE_REQUIRED","Revalidate official Isuzu/Donaldson application chain","false"
"EL88076","ISUZU","NQR","NQR","TRUCK","4HK1-TC","2019","P848076","EVIDENCE_REQUIRED","Revalidate official Isuzu/Donaldson application chain","false"
"EL88076","ISUZU","NQR","NQR","TRUCK","4HK1-TC","2020","P848076","EVIDENCE_REQUIRED","Revalidate official Isuzu/Donaldson application chain","false"
"EL88076","ISUZU","NQR","NQR","TRUCK","4HK1-TC","2021","P848076","EVIDENCE_REQUIRED","Revalidate official Isuzu/Donaldson application chain","false"
"EL88076","ISUZU","NQR","NQR","TRUCK","4HK1-TC","2022","P848076","EVIDENCE_REQUIRED","Revalidate official Isuzu/Donaldson application chain","false"
"EL88076","ISUZU","NQR","NQR","TRUCK","4HK1-TC","2023","P848076","EVIDENCE_REQUIRED","Revalidate official Isuzu/Donaldson application chain","false"
"EL88076","ISUZU","NQR","NQR","TRUCK","4HK1-TC","2024","P848076","EVIDENCE_REQUIRED","Revalidate official Isuzu/Donaldson application chain","false"
"EL88076","ISUZU","NRR","NRR","TRUCK","4HK1-TC","2017","P848076","EVIDENCE_REQUIRED","Revalidate official Isuzu/Donaldson application chain","false"
"EL88076","ISUZU","NRR","NRR","TRUCK","4HK1-TC","2018","P848076","EVIDENCE_REQUIRED","Revalidate official Isuzu/Donaldson application chain","false"
"EL88076","ISUZU","NRR","NRR","TRUCK","4HK1-TC","2019","P848076","EVIDENCE_REQUIRED","Revalidate official Isuzu/Donaldson application chain","false"
"EL88076","ISUZU","NRR","NRR","TRUCK","4HK1-TC","2020","P848076","EVIDENCE_REQUIRED","Revalidate official Isuzu/Donaldson application chain","false"
"EL88076","ISUZU","NRR","NRR","TRUCK","4HK1-TC","2021","P848076","EVIDENCE_REQUIRED","Revalidate official Isuzu/Donaldson application chain","false"
"EL88076","ISUZU","NRR","NRR","TRUCK","4HK1-TC","2022","P848076","EVIDENCE_REQUIRED","Revalidate official Isuzu/Donaldson application chain","false"
"EL88076","ISUZU","NRR","NRR","TRUCK","4HK1-TC","2023","P848076","EVIDENCE_REQUIRED","Revalidate official Isuzu/Donaldson application chain","false"
"EL88076","ISUZU","NRR","NRR","TRUCK","4HK1-TC","2024","P848076","EVIDENCE_REQUIRED","Revalidate official Isuzu/Donaldson application chain","false"
"EL88076","ISUZU","NRR","NRR","TRUCK","4HK1-TC","2025","P848076","EVIDENCE_REQUIRED","Revalidate official Isuzu/Donaldson application chain","false"
"EL88076","ISUZU","NRR","NRR","TRUCK","4HK1-TC","2026","P848076","EVIDENCE_REQUIRED","Revalidate official Isuzu/Donaldson application chain","false"
"EA13614","ISUZU","NPR-HD","NPR-HD","TRUCK","4HK1-TC","2006","P543614","EVIDENCE_REQUIRED","Revalidate excluded NPR-HD/NPR-XD/NRR-DERATE positions","false"
"EA13614","ISUZU","NPR-HD","NPR-HD","TRUCK","4HK1-TC","2007","P543614","EVIDENCE_REQUIRED","Revalidate excluded NPR-HD/NPR-XD/NRR-DERATE positions","false"
"EA13614","ISUZU","NPR-HD","NPR-HD","TRUCK","4HK1-TC","2008","P543614","EVIDENCE_REQUIRED","Revalidate excluded NPR-HD/NPR-XD/NRR-DERATE positions","false"
"EA13614","ISUZU","NPR-HD","NPR-HD","TRUCK","4HK1-TC","2009","P543614","EVIDENCE_REQUIRED","Revalidate excluded NPR-HD/NPR-XD/NRR-DERATE positions","false"
"EA13614","ISUZU","NPR-HD","NPR-HD","TRUCK","4HK1-TC","2010","P543614","EVIDENCE_REQUIRED","Revalidate excluded NPR-HD/NPR-XD/NRR-DERATE positions","false"
"EA13614","ISUZU","NPR-HD","NPR-HD","TRUCK","4HK1-TC","2011","P543614","EVIDENCE_REQUIRED","Revalidate excluded NPR-HD/NPR-XD/NRR-DERATE positions","false"
"EA13614","ISUZU","NPR-HD","NPR-HD","TRUCK","4HK1-TC","2012","P543614","EVIDENCE_REQUIRED","Revalidate excluded NPR-HD/NPR-XD/NRR-DERATE positions","false"
"EA13614","ISUZU","NPR-HD","NPR-HD","TRUCK","4HK1-TC","2013","P543614","EVIDENCE_REQUIRED","Revalidate excluded NPR-HD/NPR-XD/NRR-DERATE positions","false"
"EA13614","ISUZU","NPR-HD","NPR-HD","TRUCK","4HK1-TC","2014","P543614","EVIDENCE_REQUIRED","Revalidate excluded NPR-HD/NPR-XD/NRR-DERATE positions","false"
"EA13614","ISUZU","NPR-HD","NPR-HD","TRUCK","4HK1-TC","2015","P543614","EVIDENCE_REQUIRED","Revalidate excluded NPR-HD/NPR-XD/NRR-DERATE positions","false"
"EA13614","ISUZU","NPR-HD","NPR-HD","TRUCK","4HK1-TC","2016","P543614","EVIDENCE_REQUIRED","Revalidate excluded NPR-HD/NPR-XD/NRR-DERATE positions","false"
"EA13614","ISUZU","NPR-HD","NPR-HD","TRUCK","4HK1-TC","2017","P543614","EVIDENCE_REQUIRED","Revalidate excluded NPR-HD/NPR-XD/NRR-DERATE positions","false"
"EA13614","ISUZU","NPR-HD","NPR-HD","TRUCK","4HK1-TC","2018","P543614","EVIDENCE_REQUIRED","Revalidate excluded NPR-HD/NPR-XD/NRR-DERATE positions","false"
"EA13614","ISUZU","NPR-HD","NPR-HD","TRUCK","4HK1-TC","2019","P543614","EVIDENCE_REQUIRED","Revalidate excluded NPR-HD/NPR-XD/NRR-DERATE positions","false"
"EA13614","ISUZU","NPR-HD","NPR-HD","TRUCK","4HK1-TC","2020","P543614","EVIDENCE_REQUIRED","Revalidate excluded NPR-HD/NPR-XD/NRR-DERATE positions","false"
"EA13614","ISUZU","NPR-HD","NPR-HD","TRUCK","4HK1-TC","2021","P543614","EVIDENCE_REQUIRED","Revalidate excluded NPR-HD/NPR-XD/NRR-DERATE positions","false"
"EA13614","ISUZU","NPR-HD","NPR-HD","TRUCK","4HK1-TC","2022","P543614","EVIDENCE_REQUIRED","Revalidate excluded NPR-HD/NPR-XD/NRR-DERATE positions","false"
"EA13614","ISUZU","NPR-HD","NPR-HD","TRUCK","4HK1-TC","2023","P543614","EVIDENCE_REQUIRED","Revalidate excluded NPR-HD/NPR-XD/NRR-DERATE positions","false"
"EA13614","ISUZU","NPR-HD","NPR-HD","TRUCK","4HK1-TC","2024","P543614","EVIDENCE_REQUIRED","Revalidate excluded NPR-HD/NPR-XD/NRR-DERATE positions","false"
"EA13614","ISUZU","NPR-HD","NPR-HD","TRUCK","4HK1-TC","2025","P543614","EVIDENCE_REQUIRED","Revalidate excluded NPR-HD/NPR-XD/NRR-DERATE positions","false"
"EA13614","ISUZU","NPR-HD","NPR-HD","TRUCK","4HK1-TC","2026","P543614","EVIDENCE_REQUIRED","Revalidate excluded NPR-HD/NPR-XD/NRR-DERATE positions","false"
"EA13614","ISUZU","NPR-XD","NPR-XD","TRUCK","4HK1-TC","2015","P543614","EVIDENCE_REQUIRED","Revalidate excluded NPR-HD/NPR-XD/NRR-DERATE positions","false"
"EA13614","ISUZU","NPR-XD","NPR-XD","TRUCK","4HK1-TC","2016","P543614","EVIDENCE_REQUIRED","Revalidate excluded NPR-HD/NPR-XD/NRR-DERATE positions","false"
"EA13614","ISUZU","NPR-XD","NPR-XD","TRUCK","4HK1-TC","2017","P543614","EVIDENCE_REQUIRED","Revalidate excluded NPR-HD/NPR-XD/NRR-DERATE positions","false"
"EA13614","ISUZU","NPR-XD","NPR-XD","TRUCK","4HK1-TC","2018","P543614","EVIDENCE_REQUIRED","Revalidate excluded NPR-HD/NPR-XD/NRR-DERATE positions","false"
"EA13614","ISUZU","NPR-XD","NPR-XD","TRUCK","4HK1-TC","2019","P543614","EVIDENCE_REQUIRED","Revalidate excluded NPR-HD/NPR-XD/NRR-DERATE positions","false"
"EA13614","ISUZU","NPR-XD","NPR-XD","TRUCK","4HK1-TC","2020","P543614","EVIDENCE_REQUIRED","Revalidate excluded NPR-HD/NPR-XD/NRR-DERATE positions","false"
"EA13614","ISUZU","NPR-XD","NPR-XD","TRUCK","4HK1-TC","2021","P543614","EVIDENCE_REQUIRED","Revalidate excluded NPR-HD/NPR-XD/NRR-DERATE positions","false"
"EA13614","ISUZU","NPR-XD","NPR-XD","TRUCK","4HK1-TC","2022","P543614","EVIDENCE_REQUIRED","Revalidate excluded NPR-HD/NPR-XD/NRR-DERATE positions","false"
"EA13614","ISUZU","NPR-XD","NPR-XD","TRUCK","4HK1-TC","2023","P543614","EVIDENCE_REQUIRED","Revalidate excluded NPR-HD/NPR-XD/NRR-DERATE positions","false"
"EA13614","ISUZU","NPR-XD","NPR-XD","TRUCK","4HK1-TC","2024","P543614","EVIDENCE_REQUIRED","Revalidate excluded NPR-HD/NPR-XD/NRR-DERATE positions","false"
"EA13614","ISUZU","NPR-XD","NPR-XD","TRUCK","4HK1-TC","2025","P543614","EVIDENCE_REQUIRED","Revalidate excluded NPR-HD/NPR-XD/NRR-DERATE positions","false"
"EA13614","ISUZU","NPR-XD","NPR-XD","TRUCK","4HK1-TC","2026","P543614","EVIDENCE_REQUIRED","Revalidate excluded NPR-HD/NPR-XD/NRR-DERATE positions","false"
"EA13614","ISUZU","NRR DERATE","NRR DERATE","TRUCK","4HK1-TC","2025","P543614","EVIDENCE_REQUIRED","Revalidate excluded NPR-HD/NPR-XD/NRR-DERATE positions","false"
"EA13614","ISUZU","NRR DERATE","NRR DERATE","TRUCK","4HK1-TC","2026","P543614","EVIDENCE_REQUIRED","Revalidate excluded NPR-HD/NPR-XD/NRR-DERATE positions","false"
"EF90390","ISUZU","FTR","FTR","TRUCK","4HK1-TC","2018","P550390","EVIDENCE_REQUIRED","Cross official OEM/Donaldson year windows","false"
"EF90390","ISUZU","FTR","FTR","TRUCK","4HK1-TC","2019","P550390","EVIDENCE_REQUIRED","Cross official OEM/Donaldson year windows","false"
"EF90390","ISUZU","FTR","FTR","TRUCK","4HK1-TC","2020","P550390","EVIDENCE_REQUIRED","Cross official OEM/Donaldson year windows","false"
"EF90390","ISUZU","FTR","FTR","TRUCK","4HK1-TC","2021","P550390","EVIDENCE_REQUIRED","Cross official OEM/Donaldson year windows","false"
"EF90390","ISUZU","NPR","NPR","TRUCK","4HK1-TC","2007","P550390","EVIDENCE_REQUIRED","Cross official OEM/Donaldson year windows","false"
"EF90390","ISUZU","NPR","NPR","TRUCK","4HK1-TC","2008","P550390","EVIDENCE_REQUIRED","Cross official OEM/Donaldson year windows","false"
"EF90390","ISUZU","NPR","NPR","TRUCK","4HK1-TC","2009","P550390","EVIDENCE_REQUIRED","Cross official OEM/Donaldson year windows","false"
"EF90390","ISUZU","NPR","NPR","TRUCK","4JJ1-TC","2011","P550390","EVIDENCE_REQUIRED","Cross official OEM/Donaldson year windows","false"
"EF90390","ISUZU","NPR","NPR","TRUCK","4JJ1-TC","2012","P550390","EVIDENCE_REQUIRED","Cross official OEM/Donaldson year windows","false"
"EF90390","ISUZU","NPR","NPR","TRUCK","4JJ1-TC","2013","P550390","EVIDENCE_REQUIRED","Cross official OEM/Donaldson year windows","false"
"EF90390","ISUZU","NPR","NPR","TRUCK","4JJ1-TC","2014","P550390","EVIDENCE_REQUIRED","Cross official OEM/Donaldson year windows","false"
"EF90390","ISUZU","NPR","NPR","TRUCK","4JJ1-TC","2015","P550390","EVIDENCE_REQUIRED","Cross official OEM/Donaldson year windows","false"
"EF90390","ISUZU","NPR","NPR","TRUCK","4JJ1-TC","2016","P550390","EVIDENCE_REQUIRED","Cross official OEM/Donaldson year windows","false"
"EF90390","ISUZU","NPR","NPR","TRUCK","4JJ1-TC","2017","P550390","EVIDENCE_REQUIRED","Cross official OEM/Donaldson year windows","false"
"EF90390","ISUZU","NPR","NPR","TRUCK","4JJ1-TC","2018","P550390","EVIDENCE_REQUIRED","Cross official OEM/Donaldson year windows","false"
"EF90390","ISUZU","NPR-HD","NPR-HD","TRUCK","4HK1-TC","2008","P550390","EVIDENCE_REQUIRED","Cross official OEM/Donaldson year windows","false"
"EF90390","ISUZU","NPR-HD","NPR-HD","TRUCK","4HK1-TC","2009","P550390","EVIDENCE_REQUIRED","Cross official OEM/Donaldson year windows","false"
"EF90390","ISUZU","NPR-HD","NPR-HD","TRUCK","4HK1-TC","2010","P550390","EVIDENCE_REQUIRED","Cross official OEM/Donaldson year windows","false"
"EF90390","ISUZU","NQR","NQR","TRUCK","4HK1-TC","2008","P550390","EVIDENCE_REQUIRED","Cross official OEM/Donaldson year windows","false"
"EF90390","ISUZU","NQR","NQR","TRUCK","4HK1-TC","2009","P550390","EVIDENCE_REQUIRED","Cross official OEM/Donaldson year windows","false"
"EF90390","ISUZU","NQR","NQR","TRUCK","4HK1-TC","2010","P550390","EVIDENCE_REQUIRED","Cross official OEM/Donaldson year windows","false"
"EF90390","ISUZU","NQR","NQR","TRUCK","4HK1-TC","2021","P550390","EVIDENCE_REQUIRED","Cross official OEM/Donaldson year windows","false"
"EF90390","ISUZU","NQR","NQR","TRUCK","4HK1-TC","2022","P550390","EVIDENCE_REQUIRED","Cross official OEM/Donaldson year windows","false"
"EF90390","ISUZU","NQR","NQR","TRUCK","4HK1-TC","2023","P550390","EVIDENCE_REQUIRED","Cross official OEM/Donaldson year windows","false"
"EF90390","ISUZU","NQR","NQR","TRUCK","4HK1-TC","2024","P550390","EVIDENCE_REQUIRED","Cross official OEM/Donaldson year windows","false"
"EF90390","ISUZU","NRR","NRR","TRUCK","4HK1-TC","2004","P550390","EVIDENCE_REQUIRED","Cross official OEM/Donaldson year windows","false"
"EF90390","ISUZU","NRR","NRR","TRUCK","4HK1-TC","2008","P550390","EVIDENCE_REQUIRED","Cross official OEM/Donaldson year windows","false"
"EF90390","ISUZU","NRR","NRR","TRUCK","4HK1-TC","2009","P550390","EVIDENCE_REQUIRED","Cross official OEM/Donaldson year windows","false"
"EF90390","ISUZU","NRR","NRR","TRUCK","4HK1-TC","2020","P550390","EVIDENCE_REQUIRED","Cross official OEM/Donaldson year windows","false"
"EF90390","ISUZU","NRR","NRR","TRUCK","4HK1-TC","2021","P550390","EVIDENCE_REQUIRED","Cross official OEM/Donaldson year windows","false"
"EF90390","ISUZU","NRR","NRR","TRUCK","4HK1-TC","2022","P550390","EVIDENCE_REQUIRED","Cross official OEM/Donaldson year windows","false"
"EF90390","ISUZU","NRR","NRR","TRUCK","4HK1-TC","2023","P550390","EVIDENCE_REQUIRED","Cross official OEM/Donaldson year windows","false"
"EF90390","ISUZU","NRR","NRR","TRUCK","4HK1-TC","2024","P550390","EVIDENCE_REQUIRED","Cross official OEM/Donaldson year windows","false"
"EF90390","ISUZU","NRR","NRR","TRUCK","4HK1-TC","2025","P550390","EVIDENCE_REQUIRED","Cross official OEM/Donaldson year windows","false"
"EF90390","ISUZU","NRR","NRR","TRUCK","4HK1-TC","2026","P550390","EVIDENCE_REQUIRED","Cross official OEM/Donaldson year windows","false"
"EA33655","ISUZU","FTR","FTR","TRUCK","Cummins B6.7","2022","","REMAP_REQUIRED","Resolve canonical owner/base before materialization","false"
"EA33655","ISUZU","FTR","FTR","TRUCK","Cummins B6.7","2023","","REMAP_REQUIRED","Resolve canonical owner/base before materialization","false"
"EA33655","ISUZU","FTR","FTR","TRUCK","Cummins B6.7","2024","","REMAP_REQUIRED","Resolve canonical owner/base before materialization","false"
"EA33655","ISUZU","FTR","FTR","TRUCK","Cummins B6.7","2025","","REMAP_REQUIRED","Resolve canonical owner/base before materialization","false"
"EA33655","ISUZU","FTR","FTR","TRUCK","Cummins B6.7","2026","","REMAP_REQUIRED","Resolve canonical owner/base before materialization","false"
"EA33655","ISUZU","FVR","FVR","TRUCK","Cummins B6.7","2022","","REMAP_REQUIRED","Resolve canonical owner/base before materialization","false"
"EA33655","ISUZU","FVR","FVR","TRUCK","Cummins B6.7","2023","","REMAP_REQUIRED","Resolve canonical owner/base before materialization","false"
"EA33655","ISUZU","FVR","FVR","TRUCK","Cummins B6.7","2024","","REMAP_REQUIRED","Resolve canonical owner/base before materialization","false"
"EA33655","ISUZU","FVR","FVR","TRUCK","Cummins B6.7","2025","","REMAP_REQUIRED","Resolve canonical owner/base before materialization","false"
"EA33655","ISUZU","FVR","FVR","TRUCK","Cummins B6.7","2026","","REMAP_REQUIRED","Resolve canonical owner/base before materialization","false"
"EA33655","ISUZU","FVR DERATE","FVR DERATE","TRUCK","Cummins B6.7","2022","","REMAP_REQUIRED","Resolve canonical owner/base before materialization","false"
"EA33655","ISUZU","FVR DERATE","FVR DERATE","TRUCK","Cummins B6.7","2023","","REMAP_REQUIRED","Resolve canonical owner/base before materialization","false"
"EA33655","ISUZU","FVR DERATE","FVR DERATE","TRUCK","Cummins B6.7","2024","","REMAP_REQUIRED","Resolve canonical owner/base before materialization","false"
"EA33655","ISUZU","FVR DERATE","FVR DERATE","TRUCK","Cummins B6.7","2025","","REMAP_REQUIRED","Resolve canonical owner/base before materialization","false"
"EA33655","ISUZU","FVR DERATE","FVR DERATE","TRUCK","Cummins B6.7","2026","","REMAP_REQUIRED","Resolve canonical owner/base before materialization","false"
"EF91840","ISUZU","FTR","FTR","TRUCK","6HK1-TC","2008","P551840","EVIDENCE_REQUIRED","Find official OEM/application window","false"
"EF91840","ISUZU","FTR","FTR","TRUCK","6HK1-TC","2009","P551840","EVIDENCE_REQUIRED","Find official OEM/application window","false"
"EF91840","ISUZU","FTR","FTR","TRUCK","6HK1-TC","2010","P551840","EVIDENCE_REQUIRED","Find official OEM/application window","false"
"EF91840","ISUZU","FVR","FVR","TRUCK","6HK1-TC","2008","P551840","EVIDENCE_REQUIRED","Find official OEM/application window","false"
"EF91840","ISUZU","FVR","FVR","TRUCK","6HK1-TC","2009","P551840","EVIDENCE_REQUIRED","Find official OEM/application window","false"
"EF91840","ISUZU","FVR","FVR","TRUCK","6HK1-TC","2010","P551840","EVIDENCE_REQUIRED","Find official OEM/application window","false"
"EF91840","ISUZU","HTR","HTR","TRUCK","6HK1-TC","2005","P551840","EVIDENCE_REQUIRED","Find official OEM/application window","false"
"EF91840","ISUZU","HTR","HTR","TRUCK","6HK1-TC","2006","P551840","EVIDENCE_REQUIRED","Find official OEM/application window","false"
"EF91840","ISUZU","HTR","HTR","TRUCK","6HK1-TC","2007","P551840","EVIDENCE_REQUIRED","Find official OEM/application window","false"
"EF91840","ISUZU","HVR","HVR","TRUCK","6HK1-TC","2005","P551840","EVIDENCE_REQUIRED","Find official OEM/application window","false"
"EF91840","ISUZU","HVR","HVR","TRUCK","6HK1-TC","2006","P551840","EVIDENCE_REQUIRED","Find official OEM/application window","false"
"EF91840","ISUZU","HVR","HVR","TRUCK","6HK1-TC","2007","P551840","EVIDENCE_REQUIRED","Find official OEM/application window","false"
"EF91840","ISUZU","HXR","HXR","TRUCK","6HK1-TC","2005","P551840","EVIDENCE_REQUIRED","Find official OEM/application window","false"
"EF91840","ISUZU","HXR","HXR","TRUCK","6HK1-TC","2006","P551840","EVIDENCE_REQUIRED","Find official OEM/application window","false"
"EF91840","ISUZU","HXR","HXR","TRUCK","6HK1-TC","2007","P551840","EVIDENCE_REQUIRED","Find official OEM/application window","false"
"EF92427","ISUZU","FTR","FTR","TRUCK","6HK1-TC","2008","P502427","PARTIAL_REVALIDATION","Revalidate residual pre-2013/legacy rows","false"
"EF92427","ISUZU","FTR","FTR","TRUCK","6HK1-TC","2009","P502427","PARTIAL_REVALIDATION","Revalidate residual pre-2013/legacy rows","false"
"EF92427","ISUZU","FTR","FTR","TRUCK","6HK1-TC","2010","P502427","PARTIAL_REVALIDATION","Revalidate residual pre-2013/legacy rows","false"
"EF92427","ISUZU","FVR","FVR","TRUCK","6HK1-TC","2008","P502427","PARTIAL_REVALIDATION","Revalidate residual pre-2013/legacy rows","false"
"EF92427","ISUZU","FVR","FVR","TRUCK","6HK1-TC","2009","P502427","PARTIAL_REVALIDATION","Revalidate residual pre-2013/legacy rows","false"
"EF92427","ISUZU","FVR","FVR","TRUCK","6HK1-TC","2010","P502427","PARTIAL_REVALIDATION","Revalidate residual pre-2013/legacy rows","false"
"EF92427","ISUZU","FXR","FXR","TRUCK","6HK1-TC","2004","P502427","PARTIAL_REVALIDATION","Revalidate residual pre-2013/legacy rows","false"
"EF92427","ISUZU","FXR","FXR","TRUCK","6HK1-TC","2005","P502427","PARTIAL_REVALIDATION","Revalidate residual pre-2013/legacy rows","false"
"EF92427","ISUZU","FXR","FXR","TRUCK","6HK1-TC","2006","P502427","PARTIAL_REVALIDATION","Revalidate residual pre-2013/legacy rows","false"
"EF92427","ISUZU","FXR","FXR","TRUCK","6HK1-TC","2007","P502427","PARTIAL_REVALIDATION","Revalidate residual pre-2013/legacy rows","false"
"EF92427","ISUZU","FXR","FXR","TRUCK","6HK1-TC","2008","P502427","PARTIAL_REVALIDATION","Revalidate residual pre-2013/legacy rows","false"
"EF92427","ISUZU","FXR","FXR","TRUCK","6HK1-TC","2009","P502427","PARTIAL_REVALIDATION","Revalidate residual pre-2013/legacy rows","false"
"EF92427","ISUZU","FXR","FXR","TRUCK","6HK1-TC","2010","P502427","PARTIAL_REVALIDATION","Revalidate residual pre-2013/legacy rows","false"
"EF92427","ISUZU","NPR","NPR","TRUCK","4JJ1-TC","2011","P502427","PARTIAL_REVALIDATION","Revalidate residual pre-2013/legacy rows","false"
"EF92427","ISUZU","NPR","NPR","TRUCK","4JJ1-TC","2012","P502427","PARTIAL_REVALIDATION","Revalidate residual pre-2013/legacy rows","false"
"EL80606","ISUZU","FTR","FTR","TRUCK","Cummins B6.7","2022","LF606","EVIDENCE_REQUIRED","Validate Fleetguard/Isuzu chain","false"
"EL80606","ISUZU","FTR","FTR","TRUCK","Cummins B6.7","2023","LF606","EVIDENCE_REQUIRED","Validate Fleetguard/Isuzu chain","false"
"EL80606","ISUZU","FTR","FTR","TRUCK","Cummins B6.7","2024","LF606","EVIDENCE_REQUIRED","Validate Fleetguard/Isuzu chain","false"
"EL80606","ISUZU","FTR","FTR","TRUCK","Cummins B6.7","2025","LF606","EVIDENCE_REQUIRED","Validate Fleetguard/Isuzu chain","false"
"EL80606","ISUZU","FTR","FTR","TRUCK","Cummins B6.7","2026","LF606","EVIDENCE_REQUIRED","Validate Fleetguard/Isuzu chain","false"
"EL80606","ISUZU","FVR","FVR","TRUCK","Cummins B6.7","2022","LF606","EVIDENCE_REQUIRED","Validate Fleetguard/Isuzu chain","false"
"EL80606","ISUZU","FVR","FVR","TRUCK","Cummins B6.7","2023","LF606","EVIDENCE_REQUIRED","Validate Fleetguard/Isuzu chain","false"
"EL80606","ISUZU","FVR","FVR","TRUCK","Cummins B6.7","2024","LF606","EVIDENCE_REQUIRED","Validate Fleetguard/Isuzu chain","false"
"EL80606","ISUZU","FVR","FVR","TRUCK","Cummins B6.7","2025","LF606","EVIDENCE_REQUIRED","Validate Fleetguard/Isuzu chain","false"
"EL80606","ISUZU","FVR","FVR","TRUCK","Cummins B6.7","2026","LF606","EVIDENCE_REQUIRED","Validate Fleetguard/Isuzu chain","false"
"EL80606","ISUZU","FVR DERATE","FVR DERATE","TRUCK","Cummins B6.7","2022","LF606","EVIDENCE_REQUIRED","Validate Fleetguard/Isuzu chain","false"
"EL80606","ISUZU","FVR DERATE","FVR DERATE","TRUCK","Cummins B6.7","2023","LF606","EVIDENCE_REQUIRED","Validate Fleetguard/Isuzu chain","false"
"EL80606","ISUZU","FVR DERATE","FVR DERATE","TRUCK","Cummins B6.7","2024","LF606","EVIDENCE_REQUIRED","Validate Fleetguard/Isuzu chain","false"
"EL80606","ISUZU","FVR DERATE","FVR DERATE","TRUCK","Cummins B6.7","2025","LF606","EVIDENCE_REQUIRED","Validate Fleetguard/Isuzu chain","false"
"EL80606","ISUZU","FVR DERATE","FVR DERATE","TRUCK","Cummins B6.7","2026","LF606","EVIDENCE_REQUIRED","Validate Fleetguard/Isuzu chain","false"
"ES91098","ISUZU","FTR","FTR","TRUCK","Cummins B6.7","2022","","REMAP_REQUIRED","Resolve canonical owner/base before materialization","false"
"ES91098","ISUZU","FTR","FTR","TRUCK","Cummins B6.7","2023","","REMAP_REQUIRED","Resolve canonical owner/base before materialization","false"
"ES91098","ISUZU","FTR","FTR","TRUCK","Cummins B6.7","2024","","REMAP_REQUIRED","Resolve canonical owner/base before materialization","false"
"ES91098","ISUZU","FTR","FTR","TRUCK","Cummins B6.7","2025","","REMAP_REQUIRED","Resolve canonical owner/base before materialization","false"
"ES91098","ISUZU","FTR","FTR","TRUCK","Cummins B6.7","2026","","REMAP_REQUIRED","Resolve canonical owner/base before materialization","false"
"ES91098","ISUZU","FVR","FVR","TRUCK","Cummins B6.7","2022","","REMAP_REQUIRED","Resolve canonical owner/base before materialization","false"
"ES91098","ISUZU","FVR","FVR","TRUCK","Cummins B6.7","2023","","REMAP_REQUIRED","Resolve canonical owner/base before materialization","false"
"ES91098","ISUZU","FVR","FVR","TRUCK","Cummins B6.7","2024","","REMAP_REQUIRED","Resolve canonical owner/base before materialization","false"
"ES91098","ISUZU","FVR","FVR","TRUCK","Cummins B6.7","2025","","REMAP_REQUIRED","Resolve canonical owner/base before materialization","false"
"ES91098","ISUZU","FVR","FVR","TRUCK","Cummins B6.7","2026","","REMAP_REQUIRED","Resolve canonical owner/base before materialization","false"
"ES91098","ISUZU","FVR DERATE","FVR DERATE","TRUCK","Cummins B6.7","2022","","REMAP_REQUIRED","Resolve canonical owner/base before materialization","false"
"ES91098","ISUZU","FVR DERATE","FVR DERATE","TRUCK","Cummins B6.7","2023","","REMAP_REQUIRED","Resolve canonical owner/base before materialization","false"
"ES91098","ISUZU","FVR DERATE","FVR DERATE","TRUCK","Cummins B6.7","2024","","REMAP_REQUIRED","Resolve canonical owner/base before materialization","false"
"ES91098","ISUZU","FVR DERATE","FVR DERATE","TRUCK","Cummins B6.7","2025","","REMAP_REQUIRED","Resolve canonical owner/base before materialization","false"
"ES91098","ISUZU","FVR DERATE","FVR DERATE","TRUCK","Cummins B6.7","2026","","REMAP_REQUIRED","Resolve canonical owner/base before materialization","false"
"EA33930","ISUZU","FVR","FVR","TRUCK","6HK1-TC","2000","CA3930","ALIAS_REMAP_REVIEW","Do not write HD apps; resolve corrected HD owner","false"
"EA33930","ISUZU","FVR","FVR","TRUCK","6HK1-TC","2001","CA3930","ALIAS_REMAP_REVIEW","Do not write HD apps; resolve corrected HD owner","false"
"EA33930","ISUZU","FVR","FVR","TRUCK","6HK1-TC","2002","CA3930","ALIAS_REMAP_REVIEW","Do not write HD apps; resolve corrected HD owner","false"
"EA33930","ISUZU","FVR","FVR","TRUCK","6HK1-TC","2003","CA3930","ALIAS_REMAP_REVIEW","Do not write HD apps; resolve corrected HD owner","false"
"EA33930","ISUZU","FVR","FVR","TRUCK","6HK1-TC","2004","CA3930","ALIAS_REMAP_REVIEW","Do not write HD apps; resolve corrected HD owner","false"
"EA33930","ISUZU","FVR","FVR","TRUCK","6HK1-TC","2005","CA3930","ALIAS_REMAP_REVIEW","Do not write HD apps; resolve corrected HD owner","false"
"EA33930","ISUZU","FVR","FVR","TRUCK","6HK1-TC","2006","CA3930","ALIAS_REMAP_REVIEW","Do not write HD apps; resolve corrected HD owner","false"
"EA33930","ISUZU","FVR","FVR","TRUCK","6HK1-TC","2007","CA3930","ALIAS_REMAP_REVIEW","Do not write HD apps; resolve corrected HD owner","false"
"EA33930","ISUZU","FVR","FVR","TRUCK","6HK1-TC","2008","CA3930","ALIAS_REMAP_REVIEW","Do not write HD apps; resolve corrected HD owner","false"
"EA33930","ISUZU","FVR","FVR","TRUCK","6HK1-TC","2009","CA3930","ALIAS_REMAP_REVIEW","Do not write HD apps; resolve corrected HD owner","false"
"EA33930","ISUZU","FVR","FVR","TRUCK","6HK1-TC","2010","CA3930","ALIAS_REMAP_REVIEW","Do not write HD apps; resolve corrected HD owner","false"
"EA33930","ISUZU","FXR","FXR","TRUCK","6HK1-TC","2008","CA3930","ALIAS_REMAP_REVIEW","Do not write HD apps; resolve corrected HD owner","false"
"EA33930","ISUZU","FXR","FXR","TRUCK","6HK1-TC","2009","CA3930","ALIAS_REMAP_REVIEW","Do not write HD apps; resolve corrected HD owner","false"
"EA33930","ISUZU","FXR","FXR","TRUCK","6HK1-TC","2010","CA3930","ALIAS_REMAP_REVIEW","Do not write HD apps; resolve corrected HD owner","false"
"EF98204","ISUZU","NPR-HD","NPR-HD","TRUCK","4HK1-TC","2026","","RETIRE_REMAP","Never materialize; remap to verified canonical owner","false"
"EF98204","ISUZU","NPR-XD","NPR-XD","TRUCK","4HK1-TC","2026","","RETIRE_REMAP","Never materialize; remap to verified canonical owner","false"
"EF98204","ISUZU","NQR","NQR","TRUCK","4HK1-TC","2022","","RETIRE_REMAP","Never materialize; remap to verified canonical owner","false"
"EF98204","ISUZU","NQR","NQR","TRUCK","4HK1-TC","2023","","RETIRE_REMAP","Never materialize; remap to verified canonical owner","false"
"EF98204","ISUZU","NQR","NQR","TRUCK","4HK1-TC","2024","","RETIRE_REMAP","Never materialize; remap to verified canonical owner","false"
"EF98204","ISUZU","NRR","NRR","TRUCK","4HK1-TC","2020","","RETIRE_REMAP","Never materialize; remap to verified canonical owner","false"
"EF98204","ISUZU","NRR","NRR","TRUCK","4HK1-TC","2021","","RETIRE_REMAP","Never materialize; remap to verified canonical owner","false"
"EF98204","ISUZU","NRR","NRR","TRUCK","4HK1-TC","2022","","RETIRE_REMAP","Never materialize; remap to verified canonical owner","false"
"EF98204","ISUZU","NRR","NRR","TRUCK","4HK1-TC","2023","","RETIRE_REMAP","Never materialize; remap to verified canonical owner","false"
"EF98204","ISUZU","NRR","NRR","TRUCK","4HK1-TC","2024","","RETIRE_REMAP","Never materialize; remap to verified canonical owner","false"
"EF98204","ISUZU","NRR","NRR","TRUCK","4HK1-TC","2025","","RETIRE_REMAP","Never materialize; remap to verified canonical owner","false"
"EF98204","ISUZU","NRR","NRR","TRUCK","4HK1-TC","2026","","RETIRE_REMAP","Never materialize; remap to verified canonical owner","false"
"EF92599","ISUZU","NPR-HD","NPR-HD","TRUCK","4HK1-TC","2010","P502599","PARTIAL_REVALIDATION","Resolve residual outside official v158 window","false"
"EF92599","ISUZU","NPR-HD","NPR-HD","TRUCK","4HK1-TC","2022","P502599","PARTIAL_REVALIDATION","Resolve residual outside official v158 window","false"
"EF92599","ISUZU","NPR-HD","NPR-HD","TRUCK","4HK1-TC","2023","P502599","PARTIAL_REVALIDATION","Resolve residual outside official v158 window","false"
"EF92599","ISUZU","NPR-HD","NPR-HD","TRUCK","4HK1-TC","2024","P502599","PARTIAL_REVALIDATION","Resolve residual outside official v158 window","false"
"EF92599","ISUZU","NPR-HD","NPR-HD","TRUCK","4HK1-TC","2025","P502599","PARTIAL_REVALIDATION","Resolve residual outside official v158 window","false"
"EF92599","ISUZU","NPR-XD","NPR-XD","TRUCK","4HK1-TC","2022","P502599","PARTIAL_REVALIDATION","Resolve residual outside official v158 window","false"
"EF92599","ISUZU","NPR-XD","NPR-XD","TRUCK","4HK1-TC","2023","P502599","PARTIAL_REVALIDATION","Resolve residual outside official v158 window","false"
"EF92599","ISUZU","NPR-XD","NPR-XD","TRUCK","4HK1-TC","2024","P502599","PARTIAL_REVALIDATION","Resolve residual outside official v158 window","false"
"EF92599","ISUZU","NPR-XD","NPR-XD","TRUCK","4HK1-TC","2025","P502599","PARTIAL_REVALIDATION","Resolve residual outside official v158 window","false"
"EF92599","ISUZU","NQR","NQR","TRUCK","4HK1-TC","2010","P502599","PARTIAL_REVALIDATION","Resolve residual outside official v158 window","false"
"EF93410","ISUZU","NPR-HD","NPR-HD","TRUCK","4HK1-TC","2022","","REMAP_REQUIRED","Resolve canonical owner/base","false"
"EF93410","ISUZU","NPR-HD","NPR-HD","TRUCK","4HK1-TC","2023","","REMAP_REQUIRED","Resolve canonical owner/base","false"
"EF93410","ISUZU","NPR-HD","NPR-HD","TRUCK","4HK1-TC","2024","","REMAP_REQUIRED","Resolve canonical owner/base","false"
"EF93410","ISUZU","NPR-HD","NPR-HD","TRUCK","4HK1-TC","2025","","REMAP_REQUIRED","Resolve canonical owner/base","false"
"EF93410","ISUZU","NPR-HD","NPR-HD","TRUCK","4HK1-TC","2026","","REMAP_REQUIRED","Resolve canonical owner/base","false"
"EF93410","ISUZU","NPR-XD","NPR-XD","TRUCK","4HK1-TC","2022","","REMAP_REQUIRED","Resolve canonical owner/base","false"
"EF93410","ISUZU","NPR-XD","NPR-XD","TRUCK","4HK1-TC","2023","","REMAP_REQUIRED","Resolve canonical owner/base","false"
"EF93410","ISUZU","NPR-XD","NPR-XD","TRUCK","4HK1-TC","2024","","REMAP_REQUIRED","Resolve canonical owner/base","false"
"EF93410","ISUZU","NPR-XD","NPR-XD","TRUCK","4HK1-TC","2025","","REMAP_REQUIRED","Resolve canonical owner/base","false"
"EF93410","ISUZU","NPR-XD","NPR-XD","TRUCK","4HK1-TC","2026","","REMAP_REQUIRED","Resolve canonical owner/base","false"
"EF92564","ISUZU","FXR","FXR","TRUCK","6HK1-TC","2004","P552564","PARTIAL_REVALIDATION","Resolve FXR 6HK1 remainder","false"
"EF92564","ISUZU","FXR","FXR","TRUCK","6HK1-TC","2005","P552564","PARTIAL_REVALIDATION","Resolve FXR 6HK1 remainder","false"
"EF92564","ISUZU","FXR","FXR","TRUCK","6HK1-TC","2006","P552564","PARTIAL_REVALIDATION","Resolve FXR 6HK1 remainder","false"
"EF92564","ISUZU","FXR","FXR","TRUCK","6HK1-TC","2007","P552564","PARTIAL_REVALIDATION","Resolve FXR 6HK1 remainder","false"
"EF92564","ISUZU","FXR","FXR","TRUCK","6HK1-TC","2008","P552564","PARTIAL_REVALIDATION","Resolve FXR 6HK1 remainder","false"
"EF92564","ISUZU","FXR","FXR","TRUCK","6HK1-TC","2009","P552564","PARTIAL_REVALIDATION","Resolve FXR 6HK1 remainder","false"
"EF92564","ISUZU","FXR","FXR","TRUCK","6HK1-TC","2010","P552564","PARTIAL_REVALIDATION","Resolve FXR 6HK1 remainder","false"
"EA14353","ISUZU","FRR","FRR","TRUCK","6HK1-TC","2000","AF4353","PARTIAL_REVALIDATION","Resolve FRR 6HK1 remainder","false"
"EA14353","ISUZU","FRR","FRR","TRUCK","6HK1-TC","2001","AF4353","PARTIAL_REVALIDATION","Resolve FRR 6HK1 remainder","false"
"EA14353","ISUZU","FRR","FRR","TRUCK","6HK1-TC","2002","AF4353","PARTIAL_REVALIDATION","Resolve FRR 6HK1 remainder","false"
"EA14353","ISUZU","FRR","FRR","TRUCK","6HK1-TC","2003","AF4353","PARTIAL_REVALIDATION","Resolve FRR 6HK1 remainder","false"
"EA14353","ISUZU","FRR","FRR","TRUCK","6HK1-TC","2004","AF4353","PARTIAL_REVALIDATION","Resolve FRR 6HK1 remainder","false"
"EF93009","ISUZU","FVR DERATE","FVR DERATE","TRUCK","Cummins B6.7","2022","P553009","PARTIAL_REVALIDATION","Resolve FVR DERATE B6.7","false"
"EF93009","ISUZU","FVR DERATE","FVR DERATE","TRUCK","Cummins B6.7","2023","P553009","PARTIAL_REVALIDATION","Resolve FVR DERATE B6.7","false"
"EF93009","ISUZU","FVR DERATE","FVR DERATE","TRUCK","Cummins B6.7","2024","P553009","PARTIAL_REVALIDATION","Resolve FVR DERATE B6.7","false"
"EF93009","ISUZU","FVR DERATE","FVR DERATE","TRUCK","Cummins B6.7","2025","P553009","PARTIAL_REVALIDATION","Resolve FVR DERATE B6.7","false"
"EF93009","ISUZU","FVR DERATE","FVR DERATE","TRUCK","Cummins B6.7","2026","P553009","PARTIAL_REVALIDATION","Resolve FVR DERATE B6.7","false"
"EL80428","ISUZU","FVR DERATE","FVR DERATE","TRUCK","Cummins B6.7","2022","P550428","PARTIAL_REVALIDATION","Resolve FVR DERATE B6.7","false"
"EL80428","ISUZU","FVR DERATE","FVR DERATE","TRUCK","Cummins B6.7","2023","P550428","PARTIAL_REVALIDATION","Resolve FVR DERATE B6.7","false"
"EL80428","ISUZU","FVR DERATE","FVR DERATE","TRUCK","Cummins B6.7","2024","P550428","PARTIAL_REVALIDATION","Resolve FVR DERATE B6.7","false"
"EL80428","ISUZU","FVR DERATE","FVR DERATE","TRUCK","Cummins B6.7","2025","P550428","PARTIAL_REVALIDATION","Resolve FVR DERATE B6.7","false"
"EL80428","ISUZU","FVR DERATE","FVR DERATE","TRUCK","Cummins B6.7","2026","P550428","PARTIAL_REVALIDATION","Resolve FVR DERATE B6.7","false"
"EA21938","ISUZU","FTR","FTR","TRUCK","4HK1-TC","2018","","REMAP_REQUIRED","Resolve canonical owner/base","false"
"EA21938","ISUZU","FTR","FTR","TRUCK","4HK1-TC","2019","","REMAP_REQUIRED","Resolve canonical owner/base","false"
"EA21938","ISUZU","FTR","FTR","TRUCK","4HK1-TC","2020","","REMAP_REQUIRED","Resolve canonical owner/base","false"
"EA21938","ISUZU","FTR","FTR","TRUCK","4HK1-TC","2021","","REMAP_REQUIRED","Resolve canonical owner/base","false"
"ES90128","ISUZU","NPR-HD","NPR-HD","TRUCK","4HK1-TC","2018","FS20128","PARTIAL_REVALIDATION","Resolve remaining Fleetguard/Isuzu tuples","false"
"ES90128","ISUZU","NPR-HD","NPR-HD","TRUCK","4HK1-TC","2019","FS20128","PARTIAL_REVALIDATION","Resolve remaining Fleetguard/Isuzu tuples","false"
"ES90128","ISUZU","NPR-XD","NPR-XD","TRUCK","4HK1-TC","2018","FS20128","PARTIAL_REVALIDATION","Resolve remaining Fleetguard/Isuzu tuples","false"
"ES90128","ISUZU","NPR-XD","NPR-XD","TRUCK","4HK1-TC","2019","FS20128","PARTIAL_REVALIDATION","Resolve remaining Fleetguard/Isuzu tuples","false"
"EL80420","ISUZU","FVR","FVR","TRUCK","6HK1-TC","2008","P550420","PARTIAL_REVALIDATION","Resolve FVR 6HK1 remainder","false"
"EL80420","ISUZU","FVR","FVR","TRUCK","6HK1-TC","2009","P550420","PARTIAL_REVALIDATION","Resolve FVR 6HK1 remainder","false"
"EL80420","ISUZU","FVR","FVR","TRUCK","6HK1-TC","2010","P550420","PARTIAL_REVALIDATION","Resolve FVR 6HK1 remainder","false"
